0;0;0;0;0;0;0;0;0;0;0;0;0;0;0;0;0;0;0;0;0;0;0;0;0;0;0;0;0;0;0;0;0;0;0;0;0;0;0;0;0;0;0;0;0;0;0;0;0;0;0;0;0;0;0;0;0;0;0;0;0;0;0;0;0;0;0;0;0;0;0;0;0;0;0;0;0;0;0;0;0;0;0;0;0;0;0;0;0;0;0;0;0;0;0;0;1;3;3;3;3;2;2;1;0;0;0;0;0;0;0;0;0;0;0;0;0;0;0;0;1;3;8;15;27;41;52;62;64;59;47;33;20;9;3;0;0;0;0;0;0;0;0;0;0;0;0;2;5;13;26;48;76;106;131;148;153;143;120;91;59;32;13;3;0;0;0;0;0;0;0;0;0;0;2;5;14;31;60;98;135;166;187;198;199;192;177;147;109;67;32;10;1;0;0;0;0;0;0;0;0;1;4;12;30;62;102;144;175;192;198;199;196;197;194;180;150;106;61;24;4;0;0;0;0;0;0;0;0;2;8;24;55;99;144;179;191;184;171;161;153;158;172;184;176;142;91;40;8;0;0;0;0;0;0;0;0;4;17;45;89;138;179;191;175;151;126;109;98;105;126;159;179;166;121;59;14;0;0;0;0;0;0;0;0;9;31;73;126;173;191;174;139;106;79;61;54;59;81;125;167;179;145;80;21;0;0;0;0;0;0;0;1;17;52;107;161;193;178;138;97;64;42;32;29;34;54;98;152;182;160;96;27;0;0;0;0;0;0;0;3;28;79;141;186;188;149;100;58;34;22;18;18;22;39;81;142;182;167;106;34;0;0;0;0;0;0;0;6;46;108;169;195;169;116;64;31;18;14;13;13;17;33;75;138;184;170;110;36;1;0;0;0;0;0;0;10;67;135;186;190;143;82;37;17;12;10;9;10;15;34;82;144;184;166;106;36;1;0;0;0;0;0;0;18;87;154;192;177;117;56;22;11;8;6;7;9;18;46;99;156;182;154;93;31;1;0;0;0;0;0;0;25;102;165;190;164;99;41;15;8;6;6;8;13;33;72;127;169;173;134;74;23;0;0;0;0;0;0;0;31;109;168;187;156;93;38;15;9;8;10;17;33;64;110;156;176;155;107;53;15;0;0;0;0;0;0;1;33;107;165;187;160;103;52;26;19;21;28;46;72;111;152;176;165;127;77;33;8;0;0;0;0;0;0;1;30;95;155;186;174;133;88;61;54;57;71;95;128;159;178;169;136;90;47;17;3;0;0;0;0;0;0;0;22;73;133;177;190;178;147;125;117;121;136;158;176;185;171;137;96;53;23;7;1;0;0;0;0;0;0;0;12;47;97;151;188;204;200;191;186;187;191;195;187;166;130;90;51;23;8;2;0;0;0;0;0;0;0;0;5;22;55;100;144;180;200;206;206;202;192;172;142;106;71;40;19;7;2;0;0;0;0;0;0;0;0;0;1;6;18;42;74;105;132;149;151;140;121;93;65;41;22;10;4;1;0;0;0;0;0;0;0;0;0;0;0;1;3;7;14;23;32;37;39;37;29;20;12;7;3;1;0;0;0;0;0;0;0;0;0;0;0;0;0;0;0;0;0;0;0;1;1;1;0;0;0;0;0;0;0;0;0;0;0;0;0;0;0;0;0;0;0;0;0;0;0;0;0;0;0;0;0;0;0;0;0;0;0;0;0;0;0;0;0;0;0;0;0;0;0;0;0;0;0;0;0;0;0;0;0;0;0;0;0;0;0;0;0;0;0;0;0;0;
0;0;0;0;0;0;0;0;0;0;0;0;0;0;0;0;0;0;0;0;0;0;0;0;0;0;0;0;0;0;0;0;0;0;0;0;0;0;0;0;0;0;0;0;0;0;0;0;0;0;0;0;0;0;0;0;0;0;0;0;0;0;0;0;0;0;0;0;0;0;0;0;0;0;0;0;0;0;0;0;0;0;0;0;0;0;0;0;0;0;0;0;0;1;2;2;2;3;4;4;3;3;3;2;1;0;0;0;0;0;0;0;0;0;0;0;0;0;0;1;2;4;7;11;17;26;34;39;39;38;32;24;16;8;3;1;0;0;0;0;0;0;0;0;0;0;1;3;5;8;12;20;32;52;71;82;82;76;63;45;29;15;6;2;0;0;0;0;0;0;0;0;0;0;2;4;8;11;17;27;43;68;94;110;112;100;80;54;31;15;6;2;1;0;0;0;0;0;0;0;0;1;3;5;9;12;19;29;47;75;105;127;130;113;85;54;28;13;6;3;2;1;0;0;0;0;0;0;0;1;3;5;8;11;17;26;44;74;111;139;140;118;83;47;22;11;6;5;3;1;0;0;0;0;0;0;0;1;2;3;5;8;12;21;39;75;120;153;149;118;74;38;17;9;7;6;4;2;0;0;0;0;0;0;0;0;1;2;3;6;10;19;39;82;139;172;155;109;58;25;11;6;4;3;2;1;0;0;0;0;0;0;0;0;1;1;2;6;11;20;43;96;164;189;152;89;36;12;4;2;1;1;1;0;0;0;0;0;0;0;0;0;0;1;2;6;14;24;50;119;189;198;139;62;18;5;2;1;1;0;0;0;0;0;0;0;0;0;0;0;0;1;2;7;15;27;63;150;209;198;114;37;9;3;2;1;1;1;0;0;0;0;0;0;0;0;0;0;0;1;3;7;15;31;82;177;220;187;85;22;7;4;2;2;1;1;0;0;0;0;0;0;0;0;0;0;1;2;4;8;16;41;106;190;218;165;64;17;7;4;3;2;2;1;1;0;0;0;0;0;0;0;0;0;1;3;5;9;23;61;128;194;205;138;53;18;7;4;3;2;2;2;1;0;0;0;0;0;0;0;0;1;3;5;7;14;37;84;141;188;179;112;48;20;9;5;4;3;3;2;2;1;0;0;0;0;0;0;0;2;5;7;11;25;56;101;147;172;150;93;46;21;10;6;5;4;4;3;2;0;0;0;0;0;0;0;0;1;6;11;19;40;75;114;145;153;127;83;46;23;12;7;6;5;3;2;1;0;0;0;0;0;0;0;0;2;5;13;28;56;89;118;135;136;113;81;49;26;14;9;6;5;3;2;1;0;0;0;0;0;0;0;0;2;6;15;34;64;93;115;124;121;104;79;49;26;14;8;6;4;2;1;0;0;0;0;0;0;0;0;0;1;6;17;38;64;90;106;109;105;93;71;44;23;12;6;4;3;1;0;0;0;0;0;0;0;0;0;0;2;6;15;32;53;71;80;79;77;69;53;31;14;6;3;2;1;0;0;0;0;0;0;0;0;0;0;0;0;2;6;11;19;26;27;26;29;27;18;10;4;2;1;0;0;0;0;0;0;0;0;0;0;0;0;0;0;0;1;2;4;6;5;4;5;4;2;1;0;0;0;0;0;0;0;0;0;0;0;0;0;0;0;0;0;0;0;0;0;0;0;0;0;0;0;0;0;0;0;0;0;0;0;0;0;0;0;0;0;0;0;0;0;0;0;0;0;0;0;0;0;0;0;0;0;0;0;0;0;0;0;0;0;0;0;
0;0;0;0;0;0;0;0;0;0;0;0;0;0;0;0;0;0;0;0;0;0;0;0;0;0;0;0;0;0;0;0;0;0;0;0;0;0;0;0;0;0;0;0;0;0;0;0;0;0;0;0;0;0;0;0;0;0;0;0;0;0;0;0;0;1;2;2;3;3;4;4;3;1;1;0;0;0;0;0;0;0;0;0;0;0;0;0;0;0;1;2;6;11;19;28;36;44;47;46;41;30;19;12;6;3;0;0;0;0;0;0;0;0;0;0;0;1;4;9;20;36;55;78;101;119;129;131;122;99;70;45;25;12;4;0;0;0;0;0;0;0;0;0;1;5;11;21;40;65;94;122;144;161;172;176;170;153;118;82;51;26;10;2;0;0;0;0;0;0;0;0;2;7;16;32;55;84;111;134;148;157;164;170;174;168;146;111;76;43;18;3;0;0;0;0;0;0;0;0;2;9;20;36;56;80;100;114;118;118;121;130;143;155;150;126;91;56;26;6;0;0;0;0;0;0;0;0;2;9;20;32;46;61;75;79;78;74;75;85;109;137;148;133;101;62;29;7;0;0;0;0;0;0;0;0;1;6;16;25;32;40;47;49;44;40;41;56;88;127;149;139;105;64;29;7;0;0;0;0;0;0;0;0;0;4;11;16;20;24;26;26;22;21;27;48;87;130;153;142;102;59;25;6;0;0;0;0;0;0;0;0;0;3;7;9;10;12;14;13;13;17;29;56;97;140;158;137;93;48;19;6;0;0;0;0;0;0;0;0;1;3;4;6;7;9;10;11;15;25;44;75;114;152;159;125;78;36;14;5;1;0;0;0;0;0;0;0;0;3;5;9;11;15;20;27;37;52;72;101;135;161;149;109;62;26;10;5;2;0;0;0;0;0;0;0;1;5;12;21;30;40;52;67;82;97;115;138;159;162;137;92;49;21;9;5;3;1;0;0;0;0;0;0;4;13;30;49;66;84;103;121;137;151;162;171;171;157;124;82;47;25;15;10;5;2;0;0;0;0;0;1;11;31;59;85;108;127;142;158;170;180;187;187;177;153;119;82;55;35;25;18;11;4;0;0;0;0;0;5;22;53;90;118;136;147;155;165;175;187;192;189;175;151;122;96;73;55;42;31;20;8;1;0;0;0;0;9;34;73;112;138;150;158;163;167;177;186;188;183;170;153;135;115;97;79;60;44;27;10;0;0;0;0;0;12;42;83;126;156;172;181;181;180;182;180;173;161;152;144;139;127;113;93;71;49;26;8;0;0;0;0;0;12;42;81;127;161;185;194;191;183;171;156;137;123;117;117;120;116;107;88;64;42;21;5;0;0;0;0;1;9;31;65;104;138;162;171;164;150;131;109;89;74;71;77;82;84;79;64;46;28;12;2;0;0;0;0;0;5;17;37;63;89;105;110;104;89;72;53;39;33;33;37;43;45;43;36;25;13;6;1;0;0;0;0;0;1;5;13;23;31;36;35;32;25;17;11;7;7;8;11;13;14;14;13;8;3;1;0;0;0;0;0;0;0;0;1;2;3;2;2;1;0;0;0;0;0;1;1;1;1;1;1;0;0;0;0;0;0;0;0;0;0;0;0;0;0;0;0;0;0;0;0;0;0;0;0;0;0;0;0;0;0;0;0;0;0;0;0;0;0;0;0;0;0;0;0;0;0;0;0;0;0;0;0;0;0;0;0;0;0;0;0;0;0;0;0;0;0;0;0;0;0;0;0;0;0;0;0;0;0;0;0;0;0;0;0;0;0;0;0;0;0;
0;0;0;0;0;0;0;0;0;0;0;0;0;0;0;0;0;0;0;0;0;0;0;0;0;0;0;0;0;0;0;0;0;0;0;0;0;0;0;0;0;0;0;0;0;0;0;0;0;0;0;0;0;0;0;0;0;0;0;0;0;0;0;0;0;0;0;0;0;0;0;0;0;0;0;0;0;0;0;0;0;0;0;0;0;0;0;0;0;0;0;0;0;0;0;1;1;1;2;1;1;1;0;0;0;0;0;0;0;0;0;0;0;0;0;0;0;1;3;6;13;20;32;44;54;61;64;60;50;38;26;16;10;6;3;1;0;0;0;0;0;0;0;0;2;6;13;26;46;72;103;134;156;170;171;160;140;113;84;57;35;20;11;5;2;0;0;0;0;0;0;1;5;12;27;52;84;120;158;185;197;201;199;194;182;156;122;86;55;30;15;7;3;0;0;0;0;0;0;1;7;18;37;65;98;132;157;164;157;146;143;148;153;146;123;89;55;30;14;6;2;0;0;0;0;0;0;2;8;18;36;60;87;111;119;109;90;76;78;95;114;122;112;82;48;24;10;4;1;0;0;0;0;0;0;1;6;14;28;48;71;86;88;74;52;44;56;80;103;115;102;71;38;17;6;2;0;0;0;0;0;0;0;1;3;9;20;38;59;75;78;68;57;60;81;105;119;115;91;57;28;10;3;1;0;0;0;0;0;0;0;0;2;6;16;32;56;77;92;96;101;116;134;145;139;115;80;47;22;7;2;0;0;0;0;0;0;0;0;0;1;5;14;30;57;90;120;143;159;172;180;177;159;124;84;52;27;10;3;1;0;0;0;0;0;0;0;0;1;4;12;29;58;97;135;163;182;189;188;182;166;140;108;74;42;18;6;2;0;0;0;0;0;0;0;0;0;3;9;24;50;84;115;137;148;151;149;149;151;149;133;103;65;32;12;3;0;0;0;0;0;0;0;0;0;2;6;16;34;58;77;88;90;87;85;93;112;137;144;128;89;48;21;6;1;0;0;0;0;0;0;0;1;3;5;11;22;36;44;47;44;38;36;43;69;111;144;142;107;63;29;10;2;0;0;0;0;0;0;1;3;5;8;14;21;29;33;30;25;17;14;18;40;90;140;148;116;73;36;13;2;0;0;0;0;0;0;2;6;11;17;24;29;34;35;29;20;13;8;11;35;88;142;152;119;76;40;15;3;0;0;0;0;0;0;3;10;19;29;39;47;51;48;38;26;17;15;25;58;110;152;153;118;74;38;13;2;0;0;0;0;0;0;4;13;26;42;58;74;81;79;67;53;47;51;72;110;150;168;149;106;61;29;9;2;0;0;0;0;0;0;4;13;27;49;74;98;118;126;125;119;117;126;148;172;183;165;126;79;42;18;5;1;0;0;0;0;0;0;3;9;21;43;70;102;134;161;181;191;195;199;202;194;168;127;82;46;21;8;1;0;0;0;0;0;0;0;1;4;11;24;43;70;102;135;165;187;196;189;169;137;100;63;36;17;7;2;0;0;0;0;0;0;0;0;0;1;3;8;14;23;36;50;65;76;81;76;62;45;28;16;8;3;1;0;0;0;0;0;0;0;0;0;0;0;0;1;1;2;2;3;4;4;4;4;3;2;1;1;0;0;0;0;0;0;0;0;0;0;0;0;0;0;0;0;0;0;0;0;0;0;0;0;0;0;0;0;0;0;0;0;0;0;0;0;0;0;0;0;0;0;0;0;0;0;0;0;0;0;0;0;0;0;0;0;0;0;0;0;0;0;0;0;0;
0;0;0;0;0;0;0;0;0;0;0;0;0;0;0;0;0;0;0;0;0;0;0;0;0;0;0;0;0;0;0;0;0;0;0;0;0;0;0;0;0;0;0;0;0;0;0;0;0;0;0;0;0;0;0;0;0;0;0;0;0;0;0;0;0;0;0;0;0;0;0;0;0;0;0;0;0;0;0;0;0;0;0;0;0;0;0;0;0;0;0;0;0;0;0;0;0;0;0;0;0;0;0;0;0;0;0;0;0;0;0;0;0;0;0;0;0;0;0;0;0;0;0;0;0;0;0;1;0;1;3;4;5;4;3;2;1;0;0;0;0;0;0;0;0;0;0;0;0;0;1;3;6;8;9;8;8;10;15;20;21;20;17;11;5;1;0;0;0;0;0;0;0;0;0;0;1;4;9;19;33;48;60;69;74;74;71;63;53;41;31;21;11;3;1;0;0;0;0;0;0;0;0;1;4;12;29;58;91;116;128;130;130;131;125;109;84;61;41;25;13;5;1;0;0;0;0;0;0;0;1;3;10;29;69;121;154;157;137;118;117;130;140;131;102;70;42;22;10;4;0;0;0;0;0;0;0;0;2;7;23;64;126;173;172;132;90;69;79;112;140;136;104;66;36;16;7;3;0;0;0;0;0;0;0;1;4;14;47;110;173;184;137;79;41;37;68;119;149;139;97;54;24;9;4;2;0;0;0;0;0;0;0;1;7;29;80;152;191;156;86;34;20;39;91;149;165;136;84;40;15;5;2;1;0;0;0;0;0;0;0;2;14;48;112;177;185;123;55;28;36;71;136;183;172;121;64;27;9;3;1;0;0;0;0;0;0;0;0;5;24;67;133;185;177;121;76;69;86;128;185;204;165;100;49;20;7;3;1;0;0;0;0;0;0;0;1;9;33;78;138;179;178;151;136;135;149;182;215;206;149;84;41;19;9;5;2;0;0;0;0;0;0;0;2;12;37;74;123;156;168;167;165;164;173;204;224;190;121;62;32;17;9;5;2;0;0;0;0;0;0;0;2;12;30;56;86;110;124;130;133;138;164;210;214;155;81;37;19;11;6;3;1;0;0;0;0;0;0;0;1;6;17;30;44;55;62;68;75;102;159;208;185;110;42;16;8;4;2;1;0;0;0;0;0;0;0;0;0;2;6;11;16;20;22;30;52;102;169;197;148;69;20;6;3;1;0;0;0;0;0;0;0;0;0;0;0;0;2;4;5;7;12;26;63;122;175;175;111;43;11;3;1;0;0;0;0;0;0;0;0;0;0;0;0;0;1;2;4;7;17;41;87;140;169;147;82;27;7;2;1;0;0;0;0;0;0;0;0;0;0;0;0;0;1;3;5;13;31;63;109;147;155;119;61;18;5;2;1;0;0;0;0;0;0;0;0;0;0;0;0;0;1;4;10;23;47;83;121;143;136;97;46;14;5;2;1;0;0;0;0;0;0;0;0;0;0;0;0;0;2;7;16;33;59;93;122;130;115;78;37;12;3;1;1;0;0;0;0;0;0;0;0;0;0;0;0;0;2;8;18;35;60;86;102;100;85;56;25;8;2;1;0;0;0;0;0;0;0;0;0;0;0;0;0;0;2;6;13;25;40;52;59;57;46;29;13;4;1;1;0;0;0;0;0;0;0;0;0;0;0;0;0;0;0;1;2;5;8;11;13;12;9;5;2;1;0;0;0;0;0;0;0;0;0;0;0;0;0;0;0;0;0;0;0;0;0;0;0;0;0;0;0;0;0;0;0;0;0;0;0;0;0;0;
0;0;0;0;0;0;0;0;0;0;0;0;0;0;0;0;0;0;0;0;0;0;0;0;0;0;0;0;0;0;0;0;0;0;0;0;0;0;0;0;0;0;0;0;0;0;0;0;0;0;0;0;0;0;0;0;0;0;0;0;0;0;0;0;0;0;0;0;0;0;0;1;3;6;10;9;6;4;2;0;0;0;0;0;0;0;0;0;0;0;0;0;0;0;0;1;3;4;5;9;19;31;37;32;21;12;6;3;1;0;0;0;0;0;0;0;0;0;0;0;0;1;2;5;9;14;23;41;63;80;80;65;44;29;18;10;4;1;0;0;0;0;0;0;0;0;0;0;0;1;3;7;14;27;49;82;113;122;110;87;64;45;32;22;12;4;0;0;0;0;0;0;0;0;0;0;0;2;4;10;22;45;83;124;144;140;122;101;82;64;49;36;22;8;1;0;0;0;0;0;0;0;0;0;1;2;6;16;39;81;131;158;155;139;123;109;96;80;63;49;32;13;2;0;0;0;0;0;0;0;0;0;1;4;11;31;75;133;173;171;148;125;114;106;97;81;63;48;32;14;1;0;0;0;0;0;0;0;0;1;3;8;21;62;126;178;183;150;115;95;90;87;78;62;47;34;21;7;0;0;0;0;0;0;0;0;0;2;5;16;47;109;172;191;157;108;75;64;63;63;57;43;29;18;9;3;0;0;0;0;0;0;0;0;1;3;11;35;89;157;194;174;116;72;53;48;49;54;50;35;20;10;4;1;0;0;0;0;0;0;0;0;1;6;22;65;133;189;193;144;91;66;58;57;60;62;51;32;15;6;2;0;0;0;0;0;0;0;0;0;2;11;40;97;161;196;174;125;95;87;85;87;87;77;56;30;12;4;1;0;0;0;0;0;0;0;0;1;4;19;55;113;162;173;142;110;102;105;112;116;113;94;61;27;9;3;1;0;0;0;0;0;0;0;1;3;11;29;66;111;141;131;103;90;93;103;118;133;131;105;61;22;6;2;0;0;0;0;0;0;0;0;3;9;21;43;75;104;112;93;73;71;81;93;118;143;144;109;53;16;5;1;0;0;0;0;0;0;0;1;6;18;38;62;85;99;95;74;60;63;73;95;133;158;147;94;36;10;3;1;0;0;0;0;0;0;0;2;11;30;59;84;98;101;93;75;65;70;90;123;160;167;130;64;20;6;2;1;0;0;0;0;0;0;1;4;15;41;78;104;112;112;109;100;98;110;137;166;178;150;89;34;10;3;1;0;0;0;0;0;0;0;1;5;15;42;83;115;131;139;148;153;159;171;184;183;155;99;46;16;5;2;1;0;0;0;0;0;0;0;0;3;11;33;70;105;133;155;174;188;195;191;174;141;93;47;17;7;2;1;0;0;0;0;0;0;0;0;0;1;5;18;43;71;99;121;140;149;150;134;104;68;35;15;6;2;1;0;0;0;0;0;0;0;0;0;0;0;2;7;18;33;50;65;74;73;63;47;30;16;8;4;1;0;0;0;0;0;0;0;0;0;0;0;0;0;0;1;4;7;10;12;14;13;10;7;4;2;1;1;0;0;0;0;0;0;0;0;0;0;0;0;0;0;0;0;0;1;1;1;0;0;0;0;0;0;0;0;0;0;0;0;0;0;0;0;0;0;0;0;0;0;0;0;0;0;0;0;0;0;0;0;0;0;0;0;0;0;0;0;0;0;0;0;0;0;0;0;0;0;0;0;0;0;0;0;0;0;0;0;0;0;0;0;0;0;0;0;0;0;0;0;0;0;
0;0;0;0;0;0;0;0;0;0;0;0;0;0;0;0;0;0;0;0;0;0;0;0;0;0;0;0;0;0;0;0;0;0;0;0;0;0;0;1;1;1;1;1;0;0;0;0;0;0;0;0;0;0;0;0;0;0;0;0;0;0;0;1;2;4;6;11;18;24;31;38;43;38;27;15;6;2;0;0;0;0;0;0;0;0;0;0;0;0;1;4;6;9;16;27;39;55;77;97;98;79;52;28;12;4;1;0;0;0;0;0;0;0;0;0;0;0;2;6;9;16;28;43;64;91;121;131;117;86;54;28;13;5;1;0;0;0;0;0;0;0;0;0;0;1;3;7;13;24;40;61;93;126;145;134;101;65;38;18;8;2;1;0;0;0;0;0;0;0;0;0;0;1;4;10;18;34;56;88;124;150;146;111;68;37;19;9;4;2;1;1;0;0;0;0;0;0;0;0;0;1;5;12;25;47;77;116;149;156;126;79;39;19;10;6;3;2;1;1;0;0;0;0;0;0;0;0;0;2;6;16;33;63;100;140;162;143;96;48;22;12;8;6;3;3;2;1;0;0;0;0;0;0;0;0;0;2;8;21;45;82;124;160;159;117;62;27;15;12;11;11;9;6;4;2;0;0;0;0;0;0;0;0;0;2;10;27;58;102;146;169;140;84;37;20;18;21;25;27;23;17;10;4;1;0;0;0;0;0;0;0;0;2;13;34;74;126;166;162;114;58;31;30;39;51;59;62;53;38;23;11;3;0;0;0;0;0;0;0;0;3;15;43;91;147;174;148;89;48;46;63;85;103;112;110;95;69;42;21;8;1;0;0;0;0;0;0;0;3;19;54;110;163;173;131;78;63;83;111;134;146;149;145;128;97;63;33;14;3;0;0;0;0;0;0;0;4;24;66;126;173;169;121;85;95;125;150;160;156;152;152;145;116;77;43;18;4;0;0;0;0;0;0;0;5;29;74;137;178;166;122;107;126;150;156;143;129;127;141;150;127;88;49;21;6;0;0;0;0;0;0;0;6;31;78;140;179;168;135;127;140;145;128;102;92;109;141;156;131;90;48;22;7;0;0;0;0;0;0;0;7;28;74;135;180;181;158;145;140;127;103;85;91;125;160;163;126;78;39;17;5;0;0;0;0;0;0;0;7;23;62;120;175;196;188;166;148;131;114;115;136;165;178;151;104;57;25;9;3;0;0;0;0;0;0;0;4;15;43;93;152;198;213;203;184;168;164;173;184;184;161;115;68;31;12;3;1;0;0;0;0;0;0;0;1;6;22;55;105;160;202;218;218;212;205;198;183;153;110;64;30;12;4;1;0;0;0;0;0;0;0;0;0;1;7;20;46;88;133;168;186;187;172;148;117;80;47;22;9;3;1;0;0;0;0;0;0;0;0;0;0;0;1;3;7;18;32;48;61;67;62;49;35;22;10;5;2;1;0;0;0;0;0;0;0;0;0;0;0;0;0;0;0;1;2;4;6;7;7;7;5;3;1;1;0;0;0;0;0;0;0;0;0;0;0;0;0;0;0;0;0;0;0;0;0;0;0;0;0;0;0;0;0;0;0;0;0;0;0;0;0;0;0;0;0;0;0;0;0;0;0;0;0;0;0;0;0;0;0;0;0;0;0;0;0;0;0;0;0;0;0;0;0;0;0;0;0;0;0;0;0;0;0;0;0;0;0;0;0;0;0;0;0;0;0;0;0;0;0;0;0;0;0;0;0;0;0;0;0;0;0;0;0;0;0;0;0;0;0;0;0;0;0;
0;0;0;0;0;0;0;0;0;0;0;0;0;0;0;0;0;0;0;0;0;0;0;0;0;0;0;0;0;0;0;0;0;0;0;0;0;0;0;0;0;0;0;0;0;0;0;0;0;0;0;0;0;0;0;0;0;0;0;0;0;0;0;0;0;0;0;0;0;0;0;0;0;0;0;0;0;0;0;0;0;0;0;0;0;0;0;0;0;0;0;0;0;0;0;0;0;0;0;0;0;0;0;0;0;0;0;0;0;0;0;0;0;0;0;0;0;0;0;0;0;0;0;0;0;0;0;0;0;0;0;0;0;0;0;0;0;0;0;0;0;0;0;0;0;0;0;1;1;2;2;2;2;1;1;1;1;0;0;0;0;0;0;0;0;0;0;0;0;0;0;0;0;2;5;9;13;16;20;22;24;25;25;24;23;22;19;14;7;4;1;0;0;0;0;0;0;0;0;2;6;13;24;38;55;70;83;94;103;111;117;122;124;122;111;92;63;35;16;5;1;0;0;0;0;0;1;5;15;31;52;80;110;137;160;178;189;197;202;204;206;203;190;161;114;68;34;11;2;0;0;0;0;0;2;8;22;43;72;107;141;170;190;198;198;194;189;186;192;203;206;183;133;81;40;14;2;0;0;0;0;0;2;9;22;43;69;101;130;148;154;147;132;118;108;109;129;167;195;182;129;75;35;11;1;0;0;0;0;0;2;7;18;33;53;76;97;105;99;82;64;51;44;51;90;152;191;173;116;61;26;7;1;0;0;0;0;0;1;4;12;22;36;54;65;66;56;39;26;19;19;37;96;169;195;158;94;42;15;4;0;0;0;0;0;0;0;2;6;13;20;31;38;37;28;17;12;11;16;53;133;197;190;131;67;26;8;1;0;0;0;0;0;0;0;0;3;6;11;17;20;16;11;8;7;8;24;90;177;210;169;97;42;15;4;1;0;0;0;0;0;0;0;0;1;3;6;8;8;6;5;5;6;13;52;140;208;202;135;65;26;9;3;1;0;0;0;0;0;0;0;0;0;1;3;5;5;4;6;7;12;33;101;185;218;171;94;41;15;6;3;1;0;0;0;0;0;0;0;0;0;1;1;3;4;5;7;10;24;69;150;210;200;128;59;22;8;4;2;0;0;0;0;0;0;0;0;0;0;0;0;2;3;4;7;17;49;114;182;210;161;87;33;10;5;3;1;1;0;0;0;0;0;0;0;0;0;0;0;1;2;4;12;34;85;151;196;183;117;55;18;5;3;2;1;1;0;0;0;0;0;0;0;0;0;0;0;1;3;9;27;64;121;171;184;145;82;34;10;3;2;1;1;0;0;0;0;0;0;0;0;0;0;0;1;2;7;21;50;97;145;169;157;110;59;22;7;2;2;1;0;0;0;0;0;0;0;0;0;0;0;1;2;6;17;40;77;120;150;151;127;85;43;15;5;2;1;1;0;0;0;0;0;0;0;0;0;0;1;2;4;12;31;60;97;128;139;129;103;67;32;12;3;1;1;1;0;0;0;0;0;0;0;0;0;0;1;3;8;20;43;72;105;121;122;108;84;53;27;10;3;1;1;0;0;0;0;0;0;0;0;0;0;0;0;3;9;22;45;70;92;98;96;85;67;42;21;8;2;1;0;0;0;0;0;0;0;0;0;0;0;0;0;1;6;13;27;40;49;53;53;47;38;23;11;4;1;0;0;0;0;0;0;0;0;0;0;0;0;0;0;0;0;0;1;2;3;5;6;5;4;2;1;0;0;0;0;0;0;0;0;0;0;0;
0;0;0;0;0;0;0;0;0;0;0;0;0;0;0;0;0;0;0;0;0;0;0;0;0;0;0;0;0;0;0;0;0;0;0;0;0;0;0;0;0;0;0;0;0;0;0;0;0;0;0;0;0;0;0;0;0;0;0;0;0;0;0;0;0;0;0;0;0;0;0;0;0;0;0;0;0;0;0;0;0;0;0;0;0;0;0;0;0;0;0;0;0;0;0;0;0;0;0;0;0;0;0;0;0;0;0;0;0;0;0;0;0;0;0;0;0;0;0;0;0;0;1;2;5;9;15;22;27;28;24;18;11;7;4;2;0;0;0;0;0;0;0;0;0;0;0;0;1;4;11;24;45;75;105;131;147;146;128;102;71;47;29;16;6;1;0;0;0;0;0;0;0;0;1;2;7;18;40;78;124;168;196;209;211;208;193;165;128;90;57;31;14;5;1;0;0;0;0;0;0;0;2;6;19;44;84;140;186;207;205;193;182;178;180;172;148;111;73;41;18;6;1;0;0;0;0;0;0;1;4;13;33;71;126;174;193;176;144;117;105;113;136;156;147;116;76;42;18;5;1;0;0;0;0;0;0;2;6;17;43;89;143;170;159;115;75;54;57;83;121;148;144;109;67;35;15;5;1;0;0;0;0;0;1;2;7;19;48;95;140;153;128;79;45;38;58;99;140;155;132;89;49;23;10;4;0;0;0;0;0;0;0;2;6;19;47;91;130;143;122;80;54;62;99;142;163;146;102;57;27;12;5;1;0;0;0;0;0;0;0;2;5;16;41;80;120;142;138;114;100;119;153;170;152;107;62;30;12;5;2;0;0;0;0;0;0;0;0;1;3;12;32;64;103;143;167;167;164;178;185;158;106;59;27;12;5;2;1;0;0;0;0;0;0;0;0;0;2;8;22;49;90;141;185;206;211;210;177;118;63;28;12;5;2;0;0;0;0;0;0;0;0;0;0;0;1;5;16;41;83;139;190;215;220;203;156;95;47;20;8;2;1;0;0;0;0;0;0;0;0;0;0;0;1;6;20;47;93;145;180;192;190;177;144;98;54;23;7;2;0;0;0;0;0;0;0;0;0;0;0;1;4;13;35;71;114;148;154;144;145;151;143;113;67;28;8;2;1;0;0;0;0;0;0;0;0;1;2;5;10;28;59;98;131;135;113;96;106;135;147;124;78;32;10;3;1;0;0;0;0;0;0;0;0;2;5;11;22;48;84;118;131;111;80;70;93;132;150;131;83;35;12;4;2;1;0;0;0;0;0;0;0;3;8;18;37;69;105;130;129;100;77;81;114;149;157;128;78;33;12;4;2;1;0;0;0;0;0;0;0;2;8;21;48;85;123;146;148;131;121;133;157;170;155;111;62;26;9;3;1;0;0;0;0;0;0;0;0;1;6;18;47;87;131;165;185;189;189;191;189;170;128;81;40;16;6;2;1;0;0;0;0;0;0;0;0;0;3;11;32;66;110;154;187;206;208;194;165;124;80;44;20;7;2;1;0;0;0;0;0;0;0;0;0;0;1;3;12;28;52;81;107;123;125;109;84;53;29;13;5;2;1;0;0;0;0;0;0;0;0;0;0;0;0;0;2;3;5;7;9;11;10;10;8;5;2;1;0;0;0;0;0;0;0;0;0;0;0;0;0;0;0;0;0;0;0;0;0;0;0;0;0;0;0;0;0;0;0;0;0;0;0;0;0;0;0;0;0;0;0;0;0;0;0;0;0;0;0;0;0;0;0;0;0;0;0;0;0;0;0;0;0;0;
0;0;0;0;0;0;0;0;0;0;0;0;0;0;0;0;0;0;0;0;0;0;0;0;0;0;0;0;0;0;0;0;0;0;0;0;0;0;0;0;0;0;0;0;0;0;0;0;0;0;0;0;0;0;0;0;0;0;0;0;0;0;0;0;0;0;0;0;0;0;0;0;0;0;0;0;0;0;0;0;0;0;0;0;0;0;0;0;0;0;0;0;0;0;1;0;0;0;0;0;0;0;0;0;0;0;0;0;0;0;0;0;0;0;0;0;0;0;0;1;2;2;3;3;3;2;2;2;3;4;4;4;3;2;1;0;0;0;0;0;0;0;0;0;0;1;3;6;9;13;16;17;15;13;12;12;15;18;18;15;13;8;5;3;1;0;0;0;0;0;0;0;1;4;10;17;25;38;50;54;57;58;56;55;52;48;43;34;25;17;10;6;2;0;0;0;0;0;0;1;4;11;21;35;56;81;101;107;106;102;96;95;93;86;73;54;39;26;15;7;2;0;0;0;0;0;1;4;10;20;35;61;94;127;139;131;115;102;97;102;114;116;104;77;52;32;18;7;3;1;0;0;0;0;2;5;14;28;51;85;126;153;145;114;88;74;72;86;112;131;126;97;62;35;18;6;2;0;0;0;0;0;2;5;15;34;63;103;145;152;122;81;56;46;47;68;107;139;139;110;70;36;17;5;1;0;0;0;0;0;1;5;15;37;70;117;149;137;94;54;34;28;34;60;104;143;147;117;70;35;15;5;1;0;0;0;0;0;1;4;15;39;76;124;146;125;78;42;27;25;36;66;111;151;152;118;67;32;14;6;2;0;0;0;0;0;0;3;15;40;82;127;146;124;83;55;43;46;58;87;130;165;159;118;65;31;15;8;4;0;0;0;0;0;0;3;14;39;81;124;147;137;110;92;85;89;100;122;155;180;165;119;68;33;17;11;5;0;0;0;0;0;0;2;11;34;73;112;139;144;136;130;129;130;134;146;170;191;172;119;68;34;20;12;5;1;0;0;0;0;0;1;8;27;56;87;114;129;134;136;136;133;132;139;168;194;173;114;63;32;18;11;5;1;0;0;0;0;0;1;4;17;36;56;75;89;97;101;99;94;90;106;155;188;162;102;56;28;16;9;4;1;0;0;0;0;0;0;2;8;18;28;38;45;50;51;50;47;49;78;142;176;146;88;45;22;12;6;2;0;0;0;0;0;0;0;1;3;7;10;14;16;18;19;20;22;31;71;135;163;131;78;40;19;9;4;1;0;0;0;0;0;0;0;0;1;2;3;4;5;6;8;9;12;26;73;131;153;120;74;40;19;8;4;1;0;0;0;0;0;0;0;0;0;0;1;2;2;4;5;7;11;30;78;129;143;112;73;41;20;8;3;1;0;0;0;0;0;0;0;0;0;0;1;1;2;3;5;7;15;37;83;125;133;105;72;41;21;9;3;0;0;0;0;0;0;0;0;0;0;0;1;1;2;4;5;9;19;44;84;116;120;97;67;40;20;8;3;0;0;0;0;0;0;0;0;0;0;0;1;1;2;4;5;10;21;40;69;92;93;75;52;30;15;6;2;0;0;0;0;0;0;0;0;0;0;0;0;1;1;2;3;6;13;24;39;52;52;42;28;16;8;4;1;0;0;0;0;0;0;0;0;0;0;0;0;0;0;0;0;1;4;9;13;15;16;14;10;5;2;1;0;0;0;0;0;0;0;0;0;0;0;0;0;0;0;0;0;0;0;2;2;2;1;2;1;0;0;0;0;0;0;0;0;
