0,0,0,0,0,0,0,0,0,0,0,0,0,0,0,0,0,0,0,0,0,0,0,0,0,0,0,0,0,0,0,0,0,0,0,0,0,0,0,0,0,0,0,0,0,0,0,0,0,0,0,0,0,0,0,0,0,0,0,0,0,0,0,0,0,0,0,0,0,0,0,0,0,0,0,0,0,0,0,0,0,0,0,0,0,0,0,0,0,0,0,0,0,0,0,1,1,2,3,4,4,3,2,1,0,0,0,0,0,0,0,0,0,0,0,0,0,0,0,0,1,2,6,13,25,38,51,62,65,61,50,36,22,10,3,0,0,0,0,0,0,0,0,0,0,0,0,1,4,10,22,42,68,98,124,143,150,141,118,89,57,31,13,3,0,0,0,0,0,0,0,0,0,0,1,4,11,26,50,83,118,150,173,190,194,187,170,139,101,61,30,9,1,0,0,0,0,0,0,0,0,1,3,9,24,51,85,122,154,175,188,193,194,194,188,169,137,96,54,21,3,0,0,0,0,0,0,0,0,1,6,18,44,81,119,153,173,176,171,163,158,162,172,176,161,125,79,35,7,0,0,0,0,0,0,0,0,3,13,35,71,112,150,171,171,157,135,117,106,113,135,160,166,146,104,51,12,0,0,0,0,0,0,0,0,7,24,57,100,141,167,170,150,122,92,70,60,68,95,135,161,158,123,67,17,0,0,0,0,0,0,0,1,13,41,84,129,163,170,151,117,81,51,34,29,39,67,113,152,161,134,80,23,0,0,0,0,0,0,0,2,22,62,110,151,170,159,123,80,46,25,15,14,25,54,100,144,160,138,87,28,0,0,0,0,0,0,0,4,36,85,134,166,167,138,90,47,21,10,7,9,21,51,96,141,159,138,89,30,1,0,0,0,0,0,0,8,53,106,153,172,155,110,61,26,10,5,3,8,24,57,104,144,156,132,84,30,1,0,0,0,0,0,0,14,69,124,164,171,137,86,39,15,5,3,4,12,35,72,118,150,150,121,74,26,0,0,0,0,0,0,0,20,82,136,169,165,122,68,27,10,4,4,9,24,55,97,138,153,139,105,59,19,0,0,0,0,0,0,0,25,89,141,170,159,115,61,25,11,7,11,25,50,87,127,153,150,123,84,41,12,0,0,0,0,0,0,0,27,88,141,170,160,117,70,36,22,23,35,59,90,126,152,157,134,99,60,25,7,0,0,0,0,0,0,0,24,80,133,167,166,139,98,69,59,63,81,107,137,157,161,141,108,71,36,13,3,0,0,0,0,0,0,0,18,64,116,158,176,173,150,130,120,125,140,159,169,167,144,111,77,42,17,5,1,0,0,0,0,0,0,0,11,43,88,136,173,194,196,190,184,182,184,182,169,142,108,73,41,18,7,2,0,0,0,0,0,0,0,0,4,21,52,93,135,171,194,202,201,196,181,158,126,92,60,34,16,6,2,0,0,0,0,0,0,0,0,0,0,6,18,41,71,102,128,146,147,134,113,87,59,37,20,9,3,1,0,0,0,0,0,0,0,0,0,0,0,0,2,6,12,20,28,34,37,35,28,19,12,6,2,1,0,0,0,0,0,0,0,0,0,0,0,0,0,0,0,0,0,0,0,0,0,0,0,0,0,0,0,0,0,0,0,0,0,0,0,0,0,0,0,0,0,0,0,0,0,0,0,0,0,0,0,0,0,0,0,0,0,0,0,0,0,0,0,0,0,0,0,0,0,0,0,0,0,0,0,0,0,0,0,0,0,0,0,0,0,0,0,0,0,0,0,0,0
0,0,0,0,0,0,0,0,0,0,0,0,0,0,0,0,0,0,0,0,0,0,0,0,0,0,0,0,0,0,0,0,0,0,0,0,0,0,0,0,0,0,0,0,0,0,0,0,0,0,0,0,0,0,0,0,0,0,0,0,0,0,0,0,0,0,0,0,0,0,0,0,0,0,0,0,0,0,0,0,0,0,0,0,0,0,0,0,0,0,0,0,0,0,0,0,0,0,1,1,1,1,0,0,0,0,0,0,0,0,0,0,0,0,0,0,0,0,0,0,0,0,1,4,11,24,36,41,42,43,38,31,20,11,4,1,0,0,0,0,0,0,0,0,0,0,0,0,0,1,3,9,23,48,73,88,89,85,75,56,36,19,7,2,0,0,0,0,0,0,0,0,0,0,0,0,0,1,3,11,28,58,91,111,115,106,90,63,37,17,6,2,0,0,0,0,0,0,0,0,0,0,0,0,0,1,3,10,29,64,103,129,132,116,90,58,29,12,4,0,0,0,0,0,0,0,0,0,0,0,0,0,0,1,3,9,29,68,117,151,147,119,82,44,18,6,1,0,0,0,0,0,0,0,0,0,0,0,0,0,0,1,2,8,28,75,136,175,158,114,67,29,9,2,0,0,0,0,0,0,0,0,0,0,0,0,0,0,0,1,2,7,28,84,162,199,161,100,47,15,3,0,0,0,0,0,0,0,0,0,0,0,0,0,0,0,0,1,2,6,29,100,195,216,152,76,26,6,1,0,0,0,0,0,0,0,0,0,0,0,0,0,0,0,0,1,2,6,33,127,224,221,135,50,11,2,0,0,0,0,0,0,0,0,0,0,0,0,0,0,0,0,0,1,2,7,45,165,242,215,106,27,3,0,0,0,0,0,0,0,0,0,0,0,0,0,0,0,0,0,0,1,3,12,70,197,246,197,73,11,1,0,0,0,0,0,0,0,0,0,0,0,0,0,0,0,0,0,0,1,5,26,105,213,241,168,47,5,0,0,0,0,0,0,0,0,0,0,0,0,0,0,0,0,0,0,0,3,13,52,134,217,224,132,33,4,0,0,0,0,0,0,0,0,0,0,0,0,0,0,0,0,0,0,1,7,30,81,150,210,193,102,29,5,1,0,0,0,0,0,0,0,0,0,0,0,0,0,0,0,0,1,4,18,51,102,156,192,162,87,29,7,2,1,0,0,0,0,0,0,0,0,0,0,0,0,0,0,1,3,12,34,73,115,153,168,136,79,33,10,3,2,1,0,0,0,0,0,0,0,0,0,0,0,0,0,3,9,24,52,90,121,141,145,118,76,37,14,5,2,1,1,0,0,0,0,0,0,0,0,0,0,0,1,6,14,35,66,97,118,126,126,106,75,39,16,6,2,1,0,0,0,0,0,0,0,0,0,0,0,0,2,8,18,42,70,95,107,109,106,95,71,40,17,6,2,0,0,0,0,0,0,0,0,0,0,0,0,0,2,7,17,36,59,76,81,78,78,72,55,30,12,3,1,0,0,0,0,0,0,0,0,0,0,0,0,0,0,1,4,8,16,21,21,20,22,22,15,7,2,0,0,0,0,0,0,0,0,0,0,0,0,0,0,0,0,0,0,0,0,0,0,0,0,0,0,0,0,0,0,0,0,0,0,0,0,0,0,0,0,0,0,0,0,0,0,0,0,0,0,0,0,0,0,0,0,0,0,0,0,0,0,0,0,0,0,0,0,0,0,0,0,0,0,0,0,0,0,0,0,0,0,0,0,0,0,0,0,0,0,0,0,0,0,1
0,0,0,0,0,0,0,0,0,0,0,0,0,0,0,0,0,0,0,0,0,0,0,0,0,0,0,0,0,0,0,0,0,0,0,0,0,0,0,0,0,0,0,0,0,0,0,0,0,0,0,0,0,0,0,0,0,0,0,0,0,0,0,0,0,1,1,2,3,3,3,3,3,1,0,0,0,0,0,0,0,0,0,0,0,0,0,0,0,0,1,2,6,11,17,25,31,38,39,38,33,24,15,9,4,2,0,0,0,0,0,0,0,0,0,0,0,1,4,10,20,36,53,73,92,105,112,112,103,82,57,36,19,9,3,0,0,0,0,0,0,0,0,0,1,4,11,23,42,65,91,115,135,150,158,159,152,133,101,68,41,21,8,1,0,0,0,0,0,0,0,0,2,7,19,37,59,84,109,129,143,151,156,160,160,151,126,93,61,34,14,2,0,0,0,0,0,0,0,0,2,10,24,41,61,82,101,115,121,122,125,131,139,142,130,106,74,45,20,4,0,0,0,0,0,0,0,0,3,11,25,38,52,67,81,86,87,85,87,96,113,130,130,111,80,49,23,5,0,0,0,0,0,0,0,0,2,10,21,30,38,48,56,58,55,52,56,71,98,123,130,113,83,50,22,5,0,0,0,0,0,0,0,0,1,6,14,18,24,30,33,33,30,31,40,63,97,125,131,115,81,46,19,5,0,0,0,0,0,0,0,0,1,4,7,10,13,16,18,18,18,23,39,70,105,129,131,111,74,38,15,4,0,0,0,0,0,0,0,0,0,2,4,5,8,11,12,15,19,30,53,86,117,134,130,102,64,30,11,3,1,0,0,0,0,0,0,0,0,1,3,7,11,16,21,29,41,58,82,109,131,139,122,90,52,23,9,4,2,1,0,0,0,0,0,0,0,2,9,18,28,39,51,67,83,103,122,139,146,137,113,78,44,20,10,6,4,2,0,0,0,0,0,0,2,9,23,41,59,77,96,115,134,152,161,163,152,134,105,72,43,24,16,12,8,4,1,0,0,0,0,1,7,24,47,71,94,113,131,149,166,177,179,171,156,133,104,75,52,37,28,22,15,7,1,0,0,0,0,3,16,41,72,98,117,131,144,159,172,179,176,168,153,132,109,87,70,55,44,34,23,11,2,0,0,0,0,6,25,56,89,114,128,141,154,162,170,172,167,158,147,133,119,102,89,75,60,45,29,11,1,0,0,0,0,8,31,63,98,125,142,157,166,170,169,163,153,143,135,129,124,114,103,86,67,47,26,8,0,0,0,0,0,9,32,61,97,127,151,168,173,171,160,146,130,119,116,115,115,111,100,82,60,40,21,5,0,0,0,0,0,7,23,49,79,110,136,152,154,147,133,115,100,89,87,89,89,86,77,60,42,26,12,2,0,0,0,0,0,3,12,27,48,72,91,103,106,99,86,70,59,52,50,51,52,50,44,34,23,12,5,1,0,0,0,0,0,0,3,9,17,27,34,38,40,37,32,25,21,18,18,18,18,17,16,12,8,4,1,0,0,0,0,0,0,0,0,0,1,2,3,3,3,4,4,4,4,3,3,3,3,2,2,1,1,0,0,0,0,0,0,0,0,0,0,0,0,0,0,0,0,0,0,0,0,0,0,0,0,0,0,0,0,0,0,0,0,0,0,0,0,0,0,0,0,0,0,0,0,0,0,0,0,0,0,0,0,0,0,0,0,0,0,0,0,0,0,0,0,0,0,0,0,0,0,0,0,0,0,0,0,0,0,0,0,0,0,0,0,0,0,0,0,0,2
0,0,0,0,0,0,0,0,0,0,0,0,0,0,0,0,0,0,0,0,0,0,0,0,0,0,0,0,0,0,0,0,0,0,0,0,0,0,0,0,0,0,0,0,0,0,0,0,0,0,0,0,0,0,0,0,0,0,0,0,0,0,0,0,0,0,0,0,0,0,0,0,0,0,0,0,0,0,0,0,0,0,0,0,0,0,0,0,0,0,0,0,0,1,2,3,4,5,6,5,5,4,2,1,0,0,0,0,0,0,0,0,0,0,0,0,0,1,3,7,14,23,35,47,56,63,65,63,54,42,29,18,9,3,1,0,0,0,0,0,0,0,0,0,2,7,15,28,47,70,97,122,142,157,159,152,136,109,82,55,31,14,4,0,0,0,0,0,0,0,0,1,6,15,30,52,80,108,138,160,175,186,191,190,180,156,125,91,58,29,10,1,0,0,0,0,0,0,0,2,9,20,38,60,84,107,124,134,139,143,150,159,164,158,136,107,72,38,15,3,0,0,0,0,0,0,0,3,10,20,33,47,61,73,79,80,79,82,93,114,136,145,137,111,74,39,15,3,0,0,0,0,0,0,0,2,7,13,21,28,34,38,41,41,43,52,75,107,136,148,135,102,65,32,12,2,0,0,0,0,0,0,0,1,4,6,10,13,16,19,23,31,45,70,105,139,159,155,125,83,47,20,7,1,0,0,0,0,0,0,0,0,2,3,4,6,10,18,34,58,91,127,160,178,176,150,106,63,31,11,3,0,0,0,0,0,0,0,0,0,1,2,3,6,16,37,70,111,151,181,198,199,181,143,94,53,24,8,2,0,0,0,0,0,0,0,0,0,0,1,3,9,26,57,101,145,179,196,200,194,178,147,106,65,32,13,3,0,0,0,0,0,0,0,0,0,0,1,4,11,30,61,98,133,152,160,162,162,160,151,128,90,51,23,8,1,0,0,0,0,0,0,0,0,1,3,5,10,23,44,68,87,95,98,100,110,126,144,142,113,72,36,14,3,0,0,0,0,0,0,0,1,3,5,6,9,15,24,32,38,41,43,50,65,95,130,146,125,85,47,20,6,0,0,0,0,0,0,0,4,8,11,12,13,14,14,15,15,16,19,27,47,81,124,146,129,89,53,25,8,0,0,0,0,0,0,1,7,16,22,25,26,24,19,15,13,12,15,26,52,90,129,146,128,88,55,27,8,0,0,0,0,0,0,2,11,25,39,46,48,45,38,31,25,24,31,49,78,115,144,145,120,84,50,23,5,0,0,0,0,0,0,2,14,31,51,68,77,80,74,66,61,64,76,97,125,149,155,139,106,70,38,16,3,0,0,0,0,0,0,2,11,29,53,81,103,118,124,124,125,130,141,156,168,168,149,117,82,47,23,8,1,0,0,0,0,0,0,1,7,19,40,72,103,132,154,168,178,184,185,183,171,147,114,79,48,25,10,3,0,0,0,0,0,0,0,0,3,9,21,42,68,97,127,150,164,167,161,144,118,88,60,37,20,8,3,0,0,0,0,0,0,0,0,0,0,3,7,14,24,35,48,59,68,69,66,55,42,29,17,9,4,2,0,0,0,0,0,0,0,0,0,0,0,0,1,2,3,4,5,6,7,8,8,6,5,3,2,1,1,0,0,0,0,0,0,0,0,0,0,0,0,0,0,0,0,0,0,0,0,0,0,0,0,0,0,0,0,0,0,0,0,0,0,0,0,0,0,0,0,0,0,0,0,0,0,0,0,0,0,0,0,0,0,0,0,0,0,0,0,0,0,0,0,3
0,0,0,0,0,0,0,0,0,0,0,0,0,0,0,0,0,0,0,0,0,0,0,0,0,0,0,0,0,0,0,0,0,0,0,0,0,0,0,0,0,0,0,0,0,0,0,0,0,0,0,0,0,0,0,0,0,0,0,0,0,0,0,0,0,0,0,0,0,0,0,0,0,0,0,0,0,0,0,0,0,0,0,0,0,0,0,0,0,0,0,0,0,0,0,0,0,0,0,0,1,0,1,1,1,1,0,0,0,0,0,0,0,0,0,0,0,0,0,0,1,1,2,3,3,3,3,3,5,7,9,10,11,8,6,3,1,0,0,0,0,0,0,0,0,1,3,5,7,12,16,17,18,16,14,15,20,28,36,38,37,32,25,17,7,1,0,0,0,0,0,0,1,4,7,12,19,29,39,41,40,36,28,27,35,50,63,68,63,53,40,26,11,2,0,0,0,0,0,0,2,6,11,20,33,51,63,66,62,52,38,34,46,69,88,91,81,65,46,26,10,3,0,0,0,0,0,0,3,8,15,29,48,72,86,90,79,62,42,36,54,85,107,109,93,68,43,21,7,2,0,0,0,0,0,0,3,10,19,37,63,93,109,107,89,61,36,34,61,102,126,122,96,61,34,13,3,1,0,0,0,0,0,0,4,12,25,48,83,115,129,116,85,48,24,33,72,122,144,130,91,50,22,7,1,0,0,0,0,0,0,1,4,14,31,63,105,137,142,113,69,30,17,39,91,146,158,129,79,38,14,4,0,0,0,0,0,0,0,1,5,17,42,85,130,159,147,102,52,25,25,58,121,169,165,121,67,30,11,3,1,0,0,0,0,0,0,1,7,22,57,109,156,174,152,105,64,51,61,99,158,190,169,118,66,33,15,7,2,0,0,0,0,0,0,1,9,29,72,128,174,187,167,136,116,113,124,157,195,206,175,124,74,40,22,11,4,0,0,0,0,0,0,2,9,33,78,129,170,185,179,170,164,164,174,196,214,209,170,118,73,41,24,12,4,1,0,0,0,0,0,1,7,30,67,107,139,153,156,156,157,163,179,199,207,189,145,95,58,31,17,8,3,0,0,0,0,0,0,0,4,20,43,67,85,93,97,101,107,124,151,174,178,153,108,66,38,19,9,4,1,0,0,0,0,0,0,0,2,9,20,31,38,41,43,50,63,91,123,143,143,117,77,46,25,11,5,2,0,0,0,0,0,0,0,0,1,4,7,10,12,14,20,31,53,84,109,121,117,94,63,37,20,9,3,1,0,0,0,0,0,0,0,0,0,1,2,3,4,8,17,32,58,82,98,104,99,81,57,34,19,9,3,1,0,0,0,0,0,0,0,0,0,0,0,1,4,10,22,40,63,80,88,91,85,72,53,35,20,10,4,1,0,0,0,0,0,0,0,0,0,0,0,2,6,14,28,46,64,74,77,80,75,65,50,35,21,11,4,1,0,0,0,0,0,0,0,0,0,0,1,3,8,16,29,45,58,62,65,67,64,55,44,31,19,9,4,1,0,0,0,0,0,0,0,0,0,0,1,3,6,12,23,33,39,39,41,43,40,33,26,18,11,5,2,0,0,0,0,0,0,0,0,0,0,0,0,0,1,3,6,8,9,11,12,12,11,7,5,3,1,0,0,0,0,0,0,0,0,0,0,0,0,0,0,0,0,0,0,0,0,0,0,0,0,0,0,0,0,0,0,0,0,0,0,0,0,0,0,0,0,0,0,0,0,0,0,0,0,0,0,0,0,0,0,0,0,0,0,0,0,0,0,0,4
0,0,0,0,0,0,0,0,0,0,0,0,0,0,0,0,0,0,0,0,0,0,0,0,0,0,0,0,0,0,0,0,0,0,0,0,0,0,0,0,0,0,0,0,0,0,0,0,0,0,0,0,0,0,0,0,0,0,0,0,0,0,0,0,0,0,0,0,0,0,0,0,0,0,0,0,0,0,0,0,0,0,0,0,0,0,0,0,0,0,0,0,0,0,0,0,0,1,2,2,2,2,2,3,2,2,1,0,0,0,0,0,0,0,0,0,0,0,0,1,1,3,6,10,13,17,22,25,28,28,26,23,20,17,14,9,4,1,0,0,0,0,0,0,0,0,2,4,8,15,26,39,51,62,71,78,82,83,79,72,64,54,42,31,18,5,0,0,0,0,0,0,0,1,4,9,18,33,53,75,94,111,122,128,128,126,121,111,100,84,69,53,35,14,2,0,0,0,0,0,0,1,6,15,30,52,79,105,123,134,139,138,136,132,125,118,108,95,80,67,46,21,4,0,0,0,0,0,0,2,8,20,41,67,95,121,132,134,130,122,114,110,105,99,92,83,70,59,44,22,3,0,0,0,0,0,0,2,9,25,51,80,110,132,133,122,108,93,83,77,70,65,58,51,45,38,29,14,2,0,0,0,0,0,0,3,11,31,62,98,129,144,134,112,89,71,57,47,39,32,27,22,18,15,12,6,1,0,0,0,0,0,0,3,14,37,74,117,150,159,140,111,83,63,50,37,26,17,11,7,5,4,3,2,0,0,0,0,0,0,1,4,17,44,85,133,170,176,153,124,100,84,70,55,39,25,14,7,2,1,0,0,0,0,0,0,0,0,1,5,18,45,88,137,171,177,162,142,124,109,95,81,63,43,25,12,5,1,0,0,0,0,0,0,0,0,1,5,15,37,74,117,145,151,146,136,125,115,106,96,81,60,39,20,9,3,0,0,0,0,0,0,0,0,0,4,12,26,50,77,96,101,101,100,101,101,102,100,91,74,51,29,14,5,1,0,0,0,0,0,0,0,1,5,11,18,28,41,49,53,55,63,74,85,94,100,97,82,60,36,18,7,2,0,0,0,0,0,0,0,3,10,21,24,24,24,24,24,28,38,56,76,93,101,100,85,62,39,20,9,2,0,0,0,0,0,0,0,4,19,39,43,36,29,24,20,24,36,57,79,96,106,104,84,62,39,22,10,2,0,0,0,0,0,0,0,5,26,56,69,64,53,45,41,43,53,71,91,107,113,105,81,58,36,20,8,2,0,0,0,0,0,0,0,5,25,61,87,96,94,86,80,79,86,99,114,124,121,104,76,50,29,16,6,1,0,0,0,0,0,0,0,4,19,51,85,110,123,127,126,125,128,133,138,136,120,92,63,38,22,10,3,0,0,0,0,0,0,0,0,2,10,31,61,94,122,139,151,154,154,153,146,128,99,68,41,23,11,5,1,0,0,0,0,0,0,0,0,1,4,14,32,58,86,111,128,137,137,128,110,84,57,34,19,10,4,1,0,0,0,0,0,0,0,0,0,0,1,4,11,23,37,51,63,68,66,58,43,29,18,10,5,3,1,0,0,0,0,0,0,0,0,0,0,0,0,0,2,4,7,10,11,11,11,8,6,4,2,1,0,0,0,0,0,0,0,0,0,0,0,0,0,0,0,0,0,0,0,0,0,0,0,0,0,0,0,0,0,0,0,0,0,0,0,0,0,0,0,0,0,0,0,0,0,0,0,0,0,0,0,0,0,0,0,0,0,0,0,0,0,0,0,0,0,5
0,0,0,0,0,0,0,0,0,0,0,0,0,0,0,0,0,0,0,0,0,0,0,0,0,0,0,0,0,0,0,0,0,0,0,0,0,0,0,1,1,1,1,0,0,0,0,0,0,0,0,0,0,0,0,0,0,0,0,0,0,0,0,1,2,3,5,9,14,18,23,30,35,35,30,20,11,5,2,0,0,0,0,0,0,0,0,0,0,0,1,2,5,7,13,20,29,41,58,76,86,85,72,50,28,14,6,2,1,0,0,0,0,0,0,0,0,0,1,4,7,12,20,31,45,65,89,107,115,107,85,56,32,16,7,3,1,0,0,0,0,0,0,0,0,0,2,5,10,18,28,42,63,88,110,123,119,98,69,42,23,11,5,3,1,0,0,0,0,0,0,0,0,0,2,6,13,24,38,58,83,108,124,124,102,71,42,23,12,6,4,2,0,0,0,0,0,0,0,0,0,1,3,9,18,32,51,77,103,123,129,111,75,42,20,10,6,4,2,1,0,0,0,0,0,0,0,0,0,1,4,12,24,43,67,95,121,133,121,85,47,21,9,5,4,3,2,0,0,0,0,0,0,0,0,0,0,1,6,16,33,57,86,115,136,132,99,56,25,11,8,8,8,6,3,1,0,0,0,0,0,0,0,0,0,2,9,21,43,73,105,135,142,117,71,35,18,16,18,20,19,15,10,4,1,0,0,0,0,0,0,0,0,3,12,28,56,92,127,147,136,96,52,31,33,41,47,47,41,32,21,11,3,0,0,0,0,0,0,0,0,4,15,36,69,111,145,152,122,78,52,57,74,88,93,87,74,56,36,20,8,1,0,0,0,0,0,0,0,5,19,44,85,130,157,148,110,80,82,106,125,133,131,120,102,78,51,29,13,2,0,0,0,0,0,0,0,5,23,54,100,147,164,143,109,101,124,150,159,153,142,133,118,93,62,36,16,3,0,0,0,0,0,0,0,6,27,62,114,158,167,141,119,127,150,159,149,136,129,130,124,100,68,38,16,4,0,0,0,0,0,0,0,7,28,68,121,163,168,145,133,140,146,132,111,106,120,133,128,99,67,35,15,4,0,0,0,0,0,0,0,7,27,67,122,166,176,159,144,138,125,104,94,108,134,146,129,93,56,27,10,2,0,0,0,0,0,0,0,6,22,59,112,163,187,180,159,140,124,114,125,148,163,151,115,75,40,17,4,1,0,0,0,0,0,0,0,4,16,44,93,147,192,203,190,171,160,164,178,182,164,127,86,49,22,7,1,0,0,0,0,0,0,0,0,2,8,27,62,112,167,203,214,211,208,205,192,164,126,83,47,21,8,2,0,0,0,0,0,0,0,0,0,0,3,11,29,60,106,151,181,192,187,166,134,97,62,34,15,6,1,0,0,0,0,0,0,0,0,0,0,0,0,2,7,15,31,48,65,74,72,60,42,27,15,7,3,1,0,0,0,0,0,0,0,0,0,0,0,0,0,0,0,1,2,4,5,7,7,6,4,2,1,0,0,0,0,0,0,0,0,0,0,0,0,0,0,0,0,0,0,0,0,0,0,0,0,0,0,0,0,0,0,0,0,0,0,0,0,0,0,0,0,0,0,0,0,0,0,0,0,0,0,0,0,0,0,0,0,0,0,0,0,0,0,0,0,0,0,0,0,0,0,0,0,0,0,0,0,0,0,0,0,0,0,0,0,0,0,0,0,0,0,0,0,0,0,0,0,0,0,0,0,0,0,0,0,0,0,0,0,0,0,0,0,0,0,0,0,0,0,0,0,0,6
0,0,0,0,0,0,0,0,0,0,0,0,0,0,0,0,0,0,0,0,0,0,0,0,0,0,0,0,0,0,0,0,0,0,0,0,0,0,0,0,0,0,0,0,0,0,0,0,0,0,0,0,0,0,0,0,0,0,0,0,0,0,0,0,0,0,0,0,0,0,0,0,0,0,0,0,0,0,0,0,0,0,0,0,0,0,0,0,0,0,0,0,0,0,0,0,0,0,0,0,0,0,0,0,0,0,0,0,0,0,0,0,0,0,0,0,0,0,0,0,0,0,0,0,0,0,0,0,0,0,0,0,0,0,0,0,0,0,0,0,0,0,0,0,0,0,0,0,1,2,2,2,2,2,2,1,1,1,0,0,0,0,0,0,0,0,0,0,0,0,0,0,1,2,6,10,14,18,22,24,26,27,27,26,27,25,21,16,9,5,2,0,0,0,0,0,0,0,0,2,7,14,25,40,54,69,82,92,99,105,109,113,114,110,99,80,55,31,14,5,1,0,0,0,0,0,3,8,18,33,53,80,106,129,149,165,176,182,186,189,190,186,169,139,96,57,28,10,2,0,0,0,0,1,4,12,27,47,74,104,133,156,173,182,184,182,180,182,190,197,190,161,115,69,34,11,1,0,0,0,0,1,4,12,27,47,71,98,121,136,144,140,129,120,113,120,144,175,185,162,113,66,31,9,1,0,0,0,0,0,4,10,22,36,55,75,93,102,98,83,67,56,52,66,108,158,181,154,102,55,23,6,0,0,0,0,0,0,2,6,15,25,38,55,66,67,57,41,26,19,23,48,108,165,177,141,84,39,14,3,0,0,0,0,0,0,0,3,9,16,25,35,42,42,31,17,9,7,19,61,133,180,170,120,63,26,9,2,0,0,0,0,0,0,0,1,5,11,17,24,28,25,17,10,7,11,33,94,165,188,157,97,46,19,7,3,1,0,0,0,0,0,0,0,2,7,12,16,18,17,14,13,15,25,63,135,186,184,135,76,36,16,7,3,1,0,0,0,0,0,0,0,2,4,8,11,13,14,15,17,25,47,103,169,192,162,106,56,25,12,6,3,0,0,0,0,0,0,0,0,1,2,4,7,9,11,14,19,35,74,139,183,177,129,76,37,15,7,3,1,0,0,0,0,0,0,0,0,0,1,1,3,5,7,12,24,52,104,157,178,147,96,52,22,9,4,1,0,0,0,0,0,0,0,0,0,0,0,0,1,3,6,15,35,77,127,162,156,114,70,35,14,6,2,0,0,0,0,0,0,0,0,0,0,0,0,0,1,4,10,27,57,101,139,151,129,89,53,25,10,4,1,0,0,0,0,0,0,0,0,0,0,0,0,1,3,8,22,45,82,117,135,130,105,72,42,20,8,3,1,0,0,0,0,0,0,0,0,0,0,0,1,3,7,17,36,65,98,119,121,111,89,60,34,17,7,3,1,0,0,0,0,0,0,0,0,0,0,1,2,6,13,28,50,80,102,111,107,96,76,50,30,15,7,3,1,0,0,0,0,0,0,0,0,0,0,1,3,8,19,37,59,84,96,98,93,82,64,44,27,14,7,3,1,0,0,0,0,0,0,0,0,0,0,1,3,8,19,36,55,72,76,77,74,65,50,35,22,13,7,3,1,0,0,0,0,0,0,0,0,0,0,0,1,4,10,21,30,37,40,41,40,36,27,19,13,8,5,1,1,0,0,0,0,0,0,0,0,0,0,0,0,0,0,1,1,2,3,5,5,5,4,3,2,2,1,0,0,0,0,0,0,0,0,7
0,0,0,0,0,0,0,0,0,0,0,0,0,0,0,0,0,0,0,0,0,0,0,0,0,0,0,0,0,0,0,0,0,0,0,0,0,0,0,0,0,0,0,0,0,0,0,0,0,0,0,0,0,0,0,0,0,0,0,0,0,0,0,0,0,0,0,0,0,0,0,0,0,0,0,0,0,0,0,0,0,0,0,0,0,0,0,0,0,0,0,0,0,0,0,0,0,0,0,0,0,1,0,0,0,0,0,0,0,0,0,0,0,0,0,0,0,0,0,0,0,1,3,7,11,19,26,31,32,29,23,16,10,6,3,1,0,0,0,0,0,0,0,0,0,0,0,2,5,12,22,40,64,91,116,132,137,129,106,78,51,31,17,8,2,1,0,0,0,0,0,0,0,0,2,8,18,34,59,93,129,159,178,186,183,173,152,122,88,60,37,19,7,2,0,0,0,0,0,0,0,2,6,17,35,61,95,132,158,169,166,161,156,151,148,131,107,80,53,31,13,4,0,0,0,0,0,0,1,4,12,27,50,84,120,144,152,138,116,104,103,110,125,129,116,92,64,38,17,5,0,0,0,0,0,0,1,5,15,33,62,98,129,140,129,100,73,61,71,94,119,131,122,96,64,37,16,4,0,0,0,0,0,0,2,6,17,35,65,101,129,134,117,84,59,56,76,108,134,139,117,84,51,27,12,4,0,0,0,0,0,0,2,6,16,32,61,96,125,134,124,97,76,83,112,142,150,132,95,60,33,16,8,3,0,0,0,0,0,0,1,5,13,26,50,83,115,138,144,131,121,137,160,164,142,102,63,35,18,10,4,1,0,0,0,0,0,0,0,3,9,19,37,66,99,137,169,176,175,188,185,152,105,64,35,18,10,5,2,0,0,0,0,0,0,0,0,1,5,12,26,49,86,135,182,207,212,208,175,120,70,38,20,11,6,3,1,0,0,0,0,0,0,0,0,0,3,9,21,44,83,138,190,213,211,191,148,95,54,31,17,9,5,2,1,0,0,0,0,0,0,0,0,1,4,11,28,56,102,154,188,191,178,158,126,89,55,34,20,12,6,3,1,0,0,0,0,0,0,0,0,2,7,20,45,85,130,164,168,149,136,128,114,90,63,40,26,15,8,4,1,0,0,0,0,0,0,0,0,4,13,34,69,111,145,151,131,107,102,111,108,91,69,46,30,18,10,5,1,0,0,0,0,0,0,0,1,6,21,50,88,124,139,125,99,82,88,103,107,95,74,52,33,19,10,4,0,0,0,0,0,0,0,0,1,8,28,61,97,125,131,111,91,85,97,110,111,99,78,54,33,18,9,3,0,0,0,0,0,0,0,0,1,9,32,63,97,124,136,129,122,124,130,133,124,102,77,50,29,15,7,2,0,0,0,0,0,0,0,0,0,7,28,56,90,121,151,168,175,175,168,152,126,95,65,38,20,10,4,1,0,0,0,0,0,0,0,0,0,4,16,38,68,102,136,166,182,181,162,133,100,67,40,22,11,5,2,0,0,0,0,0,0,0,0,0,0,0,5,14,30,51,73,91,102,100,87,65,45,27,15,8,4,1,0,0,0,0,0,0,0,0,0,0,0,0,0,0,2,3,6,8,9,9,9,6,4,2,1,1,0,0,0,0,0,0,0,0,0,0,0,0,0,0,0,0,0,0,0,0,0,0,0,0,0,0,0,0,0,0,0,0,0,0,0,0,0,0,0,0,0,0,0,0,0,0,0,0,0,0,0,0,0,0,0,0,0,0,0,0,0,0,0,0,8
0,0,0,0,0,0,0,0,0,0,0,0,0,0,0,0,0,0,0,0,0,0,0,0,0,0,0,0,0,0,0,0,0,0,0,0,0,0,0,0,0,0,0,0,0,0,0,0,0,0,0,0,0,0,0,0,0,0,0,0,0,0,0,0,0,0,0,0,0,0,0,0,0,0,0,0,0,0,0,0,0,0,0,0,0,0,0,0,0,0,0,0,0,0,0,0,0,0,0,0,0,0,0,0,0,0,0,0,0,0,0,0,0,0,0,0,0,0,0,0,0,0,0,0,0,0,0,0,0,0,0,0,0,0,0,0,0,0,0,0,0,0,0,0,0,0,0,0,0,0,1,4,6,9,10,10,8,7,5,3,1,0,0,0,0,0,0,0,0,0,0,0,0,0,0,0,3,8,17,32,51,76,97,108,105,88,64,38,19,8,2,0,0,0,0,0,0,0,0,0,0,0,2,5,15,31,56,92,133,169,193,200,190,163,124,81,45,21,7,1,0,0,0,0,0,0,0,0,0,1,6,16,36,66,108,152,181,190,182,175,172,163,143,107,64,33,13,3,0,0,0,0,0,0,0,0,1,4,14,31,63,106,150,171,161,128,103,98,112,135,140,117,75,39,15,4,0,0,0,0,0,0,0,0,2,9,23,50,92,137,163,148,101,61,43,53,89,132,148,128,81,40,15,3,0,0,0,0,0,0,0,0,4,15,33,69,114,151,150,107,55,29,30,59,108,156,166,135,82,38,13,3,0,0,0,0,0,0,0,1,6,18,40,81,127,150,132,82,44,38,57,97,148,187,178,131,71,31,10,2,0,0,0,0,0,0,0,1,7,19,44,86,129,146,127,92,74,82,106,145,189,207,176,113,54,22,7,2,0,0,0,0,0,0,0,1,6,17,42,80,121,141,135,121,119,128,146,175,208,209,157,88,38,14,5,1,0,0,0,0,0,0,0,0,4,13,33,64,102,128,136,136,137,139,148,179,208,194,131,65,27,10,4,1,0,0,0,0,0,0,0,0,2,9,23,43,72,98,113,117,116,115,132,172,195,168,104,49,21,8,3,0,0,0,0,0,0,0,0,0,1,4,12,24,40,57,69,72,73,84,118,162,172,139,83,41,18,6,2,0,0,0,0,0,0,0,0,0,0,1,5,11,18,26,32,36,46,72,116,148,146,113,69,37,18,6,2,0,0,0,0,0,0,0,0,0,0,0,2,4,7,10,15,23,43,79,117,133,121,93,60,35,17,6,2,0,0,0,0,0,0,0,0,0,0,0,1,2,3,6,12,28,55,90,114,116,101,79,53,33,16,6,2,1,0,0,0,0,0,0,0,0,0,0,1,2,4,9,21,41,71,95,106,99,86,69,49,31,17,7,3,1,0,0,0,0,0,0,0,0,0,0,1,3,8,17,33,56,81,95,96,86,75,63,46,30,17,9,4,1,0,0,0,0,0,0,0,0,0,0,2,6,13,25,44,65,82,89,85,75,67,58,44,31,19,10,5,2,0,0,0,0,0,0,0,0,0,1,3,8,17,30,49,65,75,76,71,63,58,52,41,29,19,10,5,2,0,0,0,0,0,0,0,0,0,1,3,7,15,26,40,50,56,55,49,42,40,37,30,21,13,7,3,1,0,0,0,0,0,0,0,0,0,0,0,1,3,6,10,13,15,15,14,10,9,9,8,6,4,1,0,0,0,0,0,0,0,0,0,0,0,0,0,0,0,0,0,0,0,0,0,0,0,0,0,0,0,0,0,0,0,0,0,0,9
