x,y,TRUE,pred
54620,43523,4,2
52694,42750,4,2
53253,43024,4,2
54925,42624,4,2
54973,43980,4,2
52967,42955,4,2
55143,40238,4,2
53071,44896,4,2
55710,44219,4,2
54459,43964,4,2
54467,44351,4,2
53570,41898,4,2
55155,43399,4,2
54051,41019,4,2
55335,44023,4,2
54449,42872,4,2
53399,42273,4,2
54241,43580,4,2
56000,41710,4,2
53204,42630,4,2
54524,42904,4,2
55665,44100,4,2
55829,40780,4,2
54059,42096,4,2
53106,42771,4,2
54427,43777,4,2
55368,41828,4,2
53927,45077,4,2
55278,44081,4,2
55909,41497,4,2
53344,42929,4,2
55095,42443,4,2
55645,43363,4,2
55718,43777,4,2
57115,44424,4,2
54963,44875,4,2
54483,43594,4,2
54543,44843,4,2
54263,39356,4,0
53992,42499,4,2
54729,40311,4,2
55013,44589,4,2
53332,43782,4,2
52627,41645,4,2
57103,40709,4,2
54352,42520,4,2
50478,42084,4,2
54849,41733,4,2
53055,42310,4,2
55191,42127,4,2
51936,41784,4,2
54594,44345,4,2
52164,42650,4,2
56302,42288,4,2
52913,44156,4,2
53697,46311,4,2
53582,40916,4,2
52993,40890,4,2
54222,43822,4,2
52221,43490,4,2
55062,44521,4,2
52460,42366,4,2
54341,45492,4,2
52195,42091,4,2
53141,41774,4,2
53476,41355,4,2
54256,44048,4,2
56036,42102,4,2
54916,42689,4,2
53420,44299,4,2
54924,42079,4,2
56208,41204,4,2
53855,42912,4,2
55078,42668,4,2
52975,43407,4,2
52526,43275,4,2
56191,42928,4,2
56569,44022,4,2
53730,42300,4,2
56749,45529,4,2
55281,42586,4,2
56338,39718,4,2
52456,43210,4,2
55388,42905,4,2
55983,42644,4,2
54325,45723,4,2
52346,41845,4,2
52745,42741,4,2
54393,42416,4,2
53106,42336,4,2
56285,41221,4,2
54064,41409,4,2
53703,44027,4,2
54179,45588,4,2
55395,42014,4,2
53023,46128,5,2
56830,40997,4,2
57981,42287,4,2
52898,41098,4,2
54307,42992,4,2
55303,44416,4,2
52517,43287,4,2
53727,41735,4,2
55346,40987,4,2
53531,43995,4,2
54225,40013,4,2
54111,43711,4,2
55977,44177,4,2
55227,44206,4,2
52351,45876,5,2
49952,42514,4,2
55911,44667,4,2
55825,42139,4,2
53832,43983,4,2
54353,42453,4,2
50548,44199,4,2
54329,44001,4,2
54691,42918,4,2
54026,42248,4,2
54140,42328,4,2
54032,42111,4,2
54556,42397,4,2
55092,43404,4,2
54417,42391,4,2
57398,41217,4,2
55169,42237,4,2
53973,44112,4,2
53795,43670,4,2
52409,41340,4,2
51167,45741,5,5
56804,43627,4,2
56299,42413,4,2
55062,43027,4,2
54716,43766,4,2
54943,41966,4,2
57196,43284,4,2
54033,40367,4,2
56416,42968,4,2
56087,43599,4,2
54414,44613,4,2
52304,42213,4,2
57416,43226,4,2
54876,42500,4,2
52495,41064,4,2
54272,43145,4,2
55984,40501,4,2
53322,41799,4,2
55053,43347,4,2
54308,42602,4,2
54091,44335,4,2
50545,49343,5,5
50711,50227,5,5
49983,48300,5,5
51327,46829,5,5
53980,49207,5,5
52846,50052,5,5
51816,47204,5,5
51421,49806,5,5
49762,47210,5,5
51564,50111,5,5
51541,48433,5,5
54602,50309,5,5
51116,48104,5,5
53307,51015,5,5
51683,49283,5,5
51485,48750,5,5
52477,50139,5,5
52872,50375,5,5
54275,48580,5,5
51460,49224,5,5
52073,50583,5,5
50778,50832,5,5
52994,49958,5,5
52103,49204,5,5
51076,50440,5,5
49868,50597,5,5
51122,48724,5,5
53609,48195,5,5
50862,48277,5,5
50697,47557,5,5
52531,50046,5,5
51759,49073,5,5
50162,50113,5,5
51046,51417,5,5
52256,47563,5,5
54748,47435,5,5
51069,50726,5,5
53561,46928,5,5
50745,51221,5,5
51125,52196,5,5
49630,48514,5,5
53771,49411,5,5
50498,50993,5,5
52768,50430,5,5
51476,50875,5,5
50128,50117,5,5
49685,48605,5,5
49164,46821,5,5
51674,48858,5,5
50230,49055,5,5
53145,48166,5,5
50617,48690,5,5
53365,47853,5,5
53322,49129,5,5
52899,49148,5,5
53498,48141,5,5
50423,47832,5,5
51377,48123,5,5
50843,49836,5,5
51344,48631,5,5
52620,47208,5,5
53300,49981,5,5
53300,50101,5,5
51333,48502,5,5
52533,48519,5,5
49164,49656,5,5
52172,50246,5,5
52323,49316,5,5
49154,48565,5,5
50651,49838,5,5
50835,50099,5,5
53742,49907,5,5
50691,50499,5,5
51354,46853,5,5
50952,49346,5,5
52105,49253,5,5
52045,48784,5,5
51808,47875,5,5
51536,50378,5,5
52080,46732,5,5
51189,50434,5,5
51798,48228,5,5
51985,49754,5,5
53241,53420,5,5
52899,48633,5,5
54090,49415,5,5
51910,50787,5,5
51162,51612,5,5
52155,50267,5,5
49469,49205,5,5
51308,49630,5,5
50307,51082,5,5
50059,45731,5,5
50244,48477,5,5
48977,47710,5,5
48661,50836,5,5
51554,51790,5,5
51397,50323,5,5
52757,50130,5,5
52164,47191,5,5
51089,48855,5,5
52166,48385,5,5
52613,50446,5,5
51235,49140,5,5
50455,50713,5,5
52393,49486,5,5
51011,48580,5,5
51294,48648,5,5
52558,50207,5,5
53182,51978,5,5
53694,51985,5,5
50822,48480,5,5
50663,49713,5,5
49538,51625,5,5
53264,48831,5,5
51545,48362,5,5
51808,52179,5,5
53242,51473,5,5
49352,49577,5,5
51610,48965,5,5
48381,48106,5,5
48715,49479,5,5
50929,50250,5,5
50452,48945,5,5
52903,49650,5,5
52902,50105,5,5
50369,49615,5,5
51003,48693,5,5
51586,49170,5,5
52214,50324,5,5
51815,49375,5,5
50015,49385,5,5
49968,44951,5,5
51274,51159,5,5
50139,48240,5,5
51568,48212,5,5
52094,49427,5,5
53771,49868,5,5
52696,51309,5,5
51353,50271,5,5
52110,48679,5,5
53065,49559,5,5
51243,49471,5,5
49158,47569,5,5
51589,53212,5,5
50716,50226,5,5
52917,51056,5,5
52046,47422,5,5
50183,48147,5,5
49685,50701,5,5
59637,45811,0,14
60147,45082,0,14
60025,50540,1,7
62099,45862,0,14
62457,44344,0,14
60734,45976,0,14
61654,45375,0,14
62737,46856,0,14
59434,45767,0,14
61383,46454,0,14
59180,45359,0,14
62661,46734,0,14
61930,45278,0,14
61909,46072,0,14
63957,47753,0,14
62033,45635,0,14
58244,45992,0,14
61159,45013,0,14
61495,46965,0,14
62011,48870,0,14
59014,46813,0,14
59953,46852,0,14
61075,46380,0,14
59978,45921,0,14
63518,45366,0,14
60662,45183,0,14
61917,49590,1,7
58162,45461,0,14
58656,47841,0,14
60103,43554,0,14
61360,46709,0,14
61576,48371,0,14
59026,46292,0,14
61555,46519,0,14
63261,45819,0,14
61252,48636,0,14
60366,46199,0,14
59988,48268,0,14
62906,45197,0,14
59397,44267,0,14
61898,46911,0,14
62684,47619,0,14
62113,46253,0,14
61034,48519,0,14
60097,49612,1,7
59797,43693,0,14
61500,44023,0,14
58569,46086,0,14
62098,48364,0,14
60135,46592,0,14
63119,45688,0,14
61016,47793,0,14
60779,47519,0,14
61530,46159,0,14
62512,46476,0,14
59835,47222,0,14
59495,47409,0,14
58468,48906,0,7
57948,47995,0,14
59107,48912,0,7
61258,46064,0,14
59691,47572,0,14
59628,46865,0,14
60173,48289,0,14
61201,45635,0,14
62400,45584,0,14
59578,48612,0,14
61786,44837,0,14
60755,44937,0,14
61942,46526,0,14
61501,45670,0,14
59458,47430,0,14
60630,47285,0,14
59370,48566,0,14
59677,46828,0,14
62217,43734,0,14
59962,46140,0,14
59247,43976,0,14
62951,43581,0,14
64197,46477,0,14
58954,45292,0,14
62130,43638,0,14
61766,44822,0,14
61211,44484,0,14
62982,45314,0,14
60461,46738,0,14
61434,46270,0,14
60185,48738,0,14
60602,44756,0,14
62991,49882,1,7
60817,46350,0,14
59524,46701,0,14
61589,48446,0,14
63760,44658,0,14
62292,48885,0,14
63074,47510,0,14
60573,45064,0,14
62195,46716,0,14
58990,47402,0,14
58730,46167,0,14
61872,46473,0,14
62583,48197,0,14
63311,44483,0,14
61267,46010,0,14
59364,48273,0,14
61827,44599,0,14
58938,46819,0,14
60129,46161,0,14
56623,47837,0,14
60470,45222,0,14
61691,45495,0,14
60109,43495,0,14
58717,46859,0,14
58565,46331,0,14
60601,47937,0,14
62566,49149,0,14
61903,46451,0,14
61782,47084,0,14
61954,45907,0,14
62345,47091,0,14
58264,45640,0,14
61303,48326,0,14
58773,43499,0,14
63086,47075,0,14
63081,47684,0,14
60204,46955,0,14
60597,46399,0,14
59077,48115,0,14
61768,44391,0,14
58976,45060,0,14
60989,47257,0,14
61190,47066,0,14
60972,46551,0,14
60077,44786,0,14
61432,46817,0,14
62600,45672,0,14
61396,48168,0,14
62082,46029,0,14
62480,45840,0,14
60049,45388,0,14
59918,48366,0,14
62084,45119,0,14
60707,46058,0,14
60634,45826,0,14
63489,44063,0,14
62451,48261,0,14
62426,44954,0,14
61782,49028,0,14
61595,47677,0,14
62779,47041,0,14
59953,50937,1,7
60526,53180,1,4
58802,53819,1,4
62297,52300,1,7
58604,54336,1,4
60766,55324,1,4
58238,51102,1,7
60125,49071,0,7
59177,52894,1,7
61205,52646,1,7
59620,53606,1,4
61566,53795,1,4
62010,50563,1,7
55811,52761,1,7
57938,52825,1,7
62783,52794,1,4
59198,52561,1,7
59786,51948,1,7
60902,55082,1,4
60679,50894,1,7
63223,53981,1,4
60586,48986,0,14
61159,54532,1,4
61033,52468,1,7
61475,53918,1,4
62169,51916,1,7
58904,53725,1,7
60531,53274,1,4
61442,51792,1,7
60235,52007,1,7
58915,50231,1,7
62109,50367,1,7
59971,53488,1,4
60369,52563,1,7
57329,51751,1,7
59933,56156,1,4
61775,53359,1,4
61599,53671,1,4
60106,49519,1,7
57978,52975,1,7
63057,51681,1,7
61776,51655,1,7
62364,50648,1,7
60327,51525,1,7
59857,53804,1,4
59856,50041,1,7
58313,52980,1,7
62549,54640,1,4
59146,54829,1,4
61469,51409,1,7
58371,50040,1,7
61314,51110,1,7
60548,53678,1,4
59922,52786,1,7
58762,51916,1,7
60854,52169,1,7
62313,53461,1,4
60787,51558,1,7
60948,49685,1,7
60644,51665,1,7
59095,50820,1,7
58808,52874,1,7
63244,53722,1,4
61129,52867,1,4
60730,52083,1,7
61190,54253,1,4
57940,53483,1,7
60793,50532,1,7
57987,50535,1,7
57316,51557,1,7
57344,53713,1,7
59345,53451,1,7
59309,53689,1,4
63148,54994,1,4
65535,51609,1,4
58432,52328,1,7
61739,52881,1,4
58769,54508,1,4
62146,50611,1,7
61353,52949,1,4
60249,52238,1,7
60703,52037,1,7
61407,52897,1,4
59622,51840,1,7
58297,53749,1,7
58234,52471,1,7
63457,52600,1,4
60443,53128,1,4
62485,51824,1,7
59626,52498,1,7
60245,51232,1,7
60088,51401,1,7
59466,51775,1,7
59673,50869,1,7
59396,54860,1,4
60024,50389,1,7
63143,53181,1,4
61364,52426,1,7
61272,52410,1,7
61352,50032,1,7
60794,53091,1,4
58644,54218,1,4
60576,51753,1,7
59434,52433,1,7
61099,50199,1,7
57111,51732,1,7
59385,51054,1,7
59626,52424,1,7
62053,52942,1,4
59411,54228,1,4
63256,53319,1,4
61799,52927,1,4
56783,52846,1,7
61232,53224,1,4
60221,52022,1,7
58815,54259,1,4
58336,53014,1,7
60820,53919,1,4
59816,53916,1,4
60946,53614,1,4
57803,50468,1,7
59045,52706,1,7
60617,51398,1,7
61019,51535,1,7
60753,50736,1,7
62592,54099,1,4
60868,51134,1,7
60597,51012,1,7
60201,52003,1,7
60152,49128,0,7
59566,53452,1,7
59703,52501,1,7
58933,53890,1,4
59898,51245,1,7
60079,53099,1,7
62063,51857,1,7
60308,51685,1,7
61447,51661,1,7
58543,53625,1,7
61593,51496,1,7
61290,54028,1,4
61105,49647,1,7
60231,53265,1,4
59558,52776,1,7
58402,52389,1,7
58134,51877,1,7
59040,54950,1,4
63162,53609,1,4
58718,49514,1,7
60396,52805,1,7
44040,46197,6,11
46006,46521,6,11
47260,47193,6,11
45600,46395,6,11
44324,44879,6,11
42732,45444,6,11
43609,46066,6,11
46021,44331,6,11
45527,42803,6,11
44401,45918,6,11
44023,46226,6,11
44772,46447,6,11
46125,45879,6,11
45451,47318,6,11
44081,47210,6,11
45840,49753,6,11
46384,44600,6,11
44279,43434,6,11
44882,47245,6,11
45818,44321,6,11
45019,45549,6,11
43897,46696,6,11
43524,46836,6,11
42508,47345,6,11
45015,46110,6,11
45356,44834,6,11
45010,47987,6,11
43712,46227,6,11
46179,46421,6,11
45360,46378,6,11
44163,47526,6,11
46904,46553,6,11
42409,44578,6,11
43905,45300,6,11
42749,45475,6,11
44698,44129,6,11
43280,46617,6,11
45574,47897,6,11
43851,47533,6,11
44478,46315,6,11
44520,46484,6,11
46371,47909,6,11
42904,44785,6,11
44901,44409,6,11
43361,48159,6,11
43714,43305,6,11
44492,45977,6,11
43671,47848,6,11
43629,46252,6,11
45612,47971,6,11
44877,48055,6,11
44762,46708,6,11
46340,45960,6,11
42187,44860,6,11
42896,46268,6,11
44691,46276,6,11
42616,48423,6,11
44100,44734,6,11
45893,47567,6,11
45486,44940,6,11
46071,50218,6,11
46857,48357,6,11
46050,46610,6,11
44886,47155,6,11
45351,45046,6,11
44677,47921,6,11
45206,46504,6,11
44977,46050,6,11
46042,47659,6,11
44793,47895,6,11
45298,46876,6,11
42300,46449,6,11
45015,44653,6,11
46676,46171,6,11
45440,45988,6,11
46055,47085,6,11
44201,48116,6,11
45308,45173,6,11
46229,46865,6,11
45738,46899,6,11
43439,43985,6,11
42348,46774,6,11
45146,47690,6,11
46211,44206,6,11
44565,44177,6,11
46191,48317,6,11
45909,45961,6,11
44577,46345,6,11
46157,45612,6,11
41927,48543,6,11
45309,46374,6,11
46051,45145,6,11
41508,47088,6,11
44238,45158,6,11
45806,46785,6,11
45230,47186,6,11
42223,47000,6,11
44108,46834,6,11
46761,47183,6,11
45727,44795,6,11
45234,46110,6,11
46226,45384,6,11
44460,46396,6,11
46924,47066,6,11
44201,46722,6,11
45562,47033,6,11
43711,47308,6,11
46969,46954,6,11
46080,45768,6,11
43869,48571,6,11
45755,46024,6,11
44704,46111,6,11
45754,46817,6,11
44916,46930,6,11
45205,44698,6,11
45636,41946,6,11
43794,43368,6,11
42990,47111,6,11
44324,47646,6,11
46585,48285,6,11
43138,47056,6,11
44109,47298,6,11
42078,45102,6,11
44719,47108,6,11
43690,44669,6,11
43682,47550,6,11
45997,46437,6,11
45652,46746,6,11
45705,47041,6,11
45374,46355,6,11
45536,44653,6,11
45595,47049,6,11
44325,46733,6,11
46511,47373,6,11
44717,47856,6,11
45786,46580,6,11
41089,45626,7,18
41851,44047,6,11
47162,47068,6,11
46773,44941,6,11
45806,45282,6,11
43274,47372,6,11
42182,45481,6,11
43583,47308,6,11
44362,45655,6,11
43611,45959,6,11
42283,44263,6,11
48266,45184,6,11
45821,47089,6,11
47332,45389,6,11
37900,43700,7,18
38172,42792,7,18
38870,44459,7,18
36702,45802,7,18
39220,45233,7,18
39240,45636,7,18
38915,45632,7,18
37496,46121,7,18
37626,43520,7,18
36859,42832,7,18
36497,45576,7,18
37937,43875,7,18
37414,45176,7,18
39339,45642,7,18
38768,44701,7,18
41073,43678,7,18
35880,44226,7,18
37556,45014,7,18
39028,46813,7,18
39129,45517,7,18
39139,43725,7,18
39846,44359,7,18
38946,42243,7,18
37889,42985,7,18
37202,42594,7,18
39657,46012,7,18
40225,43669,7,18
39702,45456,7,18
36022,44378,7,18
39149,44151,7,18
38749,44262,7,18
36524,45489,7,18
39630,45246,7,18
38678,43050,7,18
38805,43472,7,18
36611,46457,7,18
40358,44017,7,18
42141,45706,6,11
36701,43206,7,18
37160,42132,7,18
39036,46009,7,18
38631,43541,7,18
39553,42753,7,18
38443,45629,7,18
35876,43700,7,18
37021,42818,7,18
41819,44466,6,11
40028,44930,7,18
37346,45508,7,18
38863,44153,7,18
38508,42962,7,18
37264,47422,7,18
38967,44890,7,18
37439,44820,7,18
37270,43745,7,18
38396,44576,7,18
38385,42809,7,18
38104,44902,7,18
36294,42107,7,18
36196,48017,9,18
37836,43781,7,18
38015,47510,7,18
36982,42306,7,18
34913,45567,7,18
35954,45537,7,18
37321,45452,7,18
38878,44922,7,18
36692,43157,7,18
39976,45731,7,18
36945,43736,7,18
39339,47635,7,18
37645,43455,7,18
39633,45001,7,18
36611,43308,7,18
34906,46250,7,18
38611,43370,7,18
41704,45883,6,11
39621,43859,7,18
38077,43794,7,18
40492,47761,7,18
34702,44962,7,18
37823,45829,7,18
36125,46077,7,18
39395,47560,7,18
37207,41740,7,22
37616,47074,7,18
40281,44811,7,18
38038,48847,9,18
39125,42626,7,18
36602,45948,7,18
38478,45047,7,18
37382,44795,7,18
34334,42680,7,3
36768,41959,7,22
37938,45945,7,18
35861,45653,7,18
38094,44260,7,18
37969,44116,7,18
36962,45354,7,18
36490,44675,7,18
38348,45436,7,18
40941,43844,7,18
36794,42112,7,18
37542,46600,7,18
37933,46235,7,18
41131,42932,7,18
38015,46380,7,18
36468,45109,7,18
35208,47795,9,18
38449,43572,7,18
39124,42972,7,18
35984,42959,7,18
40255,44800,7,18
37430,41616,7,22
36451,44885,7,18
38267,44239,7,18
38653,43402,7,18
39128,42928,7,18
40318,44621,7,18
39291,43282,7,18
36671,44622,7,18
37140,44018,7,18
36271,44809,7,18
38421,44847,7,18
37125,44254,7,18
41955,45767,6,11
37094,44119,7,18
37694,42646,7,18
38965,45780,7,18
37904,44387,7,18
39379,44164,7,18
36780,43453,7,18
38535,43780,7,18
38827,45565,7,18
37760,44128,7,18
37103,46501,7,18
36567,45438,7,18
39429,44771,7,18
38365,45290,7,18
37201,46980,7,18
38197,42246,7,18
38657,45536,7,18
37755,43877,7,18
37701,44638,7,18
40228,46360,7,18
35969,44284,7,18
36903,42584,7,18
38661,44045,7,18
38646,42669,7,18
37416,45799,7,18
36035,49446,9,18
38117,50251,9,18
36690,49591,9,18
34794,50227,9,18
37120,50499,9,18
35693,52595,9,8
34424,50941,9,18
35866,51091,9,18
37703,52241,9,18
34587,49905,9,18
33678,52163,9,3
36568,52539,9,8
35268,51811,9,18
38729,49255,9,18
36501,48967,9,18
34736,48182,9,18
33096,50259,9,3
37830,51496,9,18
35451,47900,9,18
35724,51642,9,18
36425,52080,9,18
35938,51733,9,18
38012,50808,9,18
33453,50485,9,3
36714,49251,9,18
37741,49565,9,18
37294,50769,9,18
37509,49964,9,18
34605,51599,9,18
35289,50416,9,18
38044,50643,9,18
37268,53110,9,8
36656,50566,9,18
36229,52718,9,8
35130,50291,9,18
36510,50240,9,18
36021,48965,9,18
36001,50147,9,18
38506,49918,9,18
38123,52510,9,18
35792,48033,9,18
38875,51578,9,18
36128,48920,9,18
33825,51800,9,3
38347,52233,9,18
33348,49892,9,3
36163,53031,9,8
38329,47862,7,18
36978,48153,9,18
37327,51814,9,18
35640,50947,9,18
38899,50810,9,18
35153,49820,9,18
37773,51076,9,18
35854,49904,9,18
36557,48528,9,18
39462,50878,9,18
35609,51438,9,18
36400,49928,9,18
39355,49950,9,18
35678,48944,9,18
36240,50203,9,18
37851,50911,9,18
35529,48483,9,18
34856,50507,9,18
34555,47854,9,18
37617,51514,9,18
35288,52498,9,8
37102,50697,9,18
36117,50939,9,18
36195,51606,9,18
37334,49489,9,18
36894,47891,9,18
36510,50444,9,18
35679,51251,9,18
34039,48581,9,3
35416,50433,9,18
35292,47507,9,18
35473,49117,9,18
36805,51837,9,18
34907,49407,9,18
38576,50876,9,18
36911,52330,9,18
34151,50380,9,18
35994,50817,9,18
35873,50003,9,18
36406,50463,9,18
36711,51816,9,18
36773,50930,9,18
36847,53455,9,8
37462,52043,9,18
37317,49835,9,18
36221,54174,9,8
34893,50011,9,18
37153,52163,9,18
34999,50316,9,18
38215,53643,9,8
36818,50538,9,18
34119,52062,9,18
36099,51107,9,18
34017,50315,9,3
34972,50553,9,18
33611,50666,9,3
33361,48121,11,3
38446,48060,9,18
34622,51962,9,18
31946,51702,9,3
34976,51227,9,18
34143,49934,9,3
35518,50270,9,18
36539,51996,9,18
34748,51075,9,18
35055,51610,9,18
37740,50009,9,18
38157,49848,9,18
37775,49692,9,18
36319,52029,9,18
36552,51655,9,18
32979,50394,9,3
34994,52092,9,18
37047,48811,9,18
36847,53569,9,8
34617,52089,9,18
37507,50353,9,18
32954,50861,9,3
36008,48930,9,18
38371,51242,9,18
34908,50703,9,18
37348,49716,9,18
35338,51900,9,18
36979,51524,9,18
35275,50848,9,18
37365,52976,9,8
36288,52087,9,18
35328,53446,9,8
34733,51912,9,18
35553,51517,9,18
38070,53037,9,8
35152,50692,9,18
37005,51257,9,18
36522,50164,9,18
37810,48108,9,18
36619,46682,7,18
35912,49827,9,18
38795,48442,9,18
34981,48664,9,18
36403,48903,9,18
34507,47459,9,18
37485,51322,9,18
38515,50074,9,18
31066,46469,11,3
30611,46226,11,3
29328,44467,11,3
29589,46786,11,3
30863,47267,11,3
32118,43011,11,3
33642,48588,9,3
29513,44633,11,3
28483,46037,11,3
30420,42435,11,3
31130,46909,11,3
29934,47200,11,3
32303,47345,11,3
30906,47311,11,3
29581,44268,11,3
28832,44831,11,3
29906,47016,11,3
31073,46483,11,3
30198,47951,11,3
31032,45152,11,3
32141,43787,11,3
27818,46878,11,17
30370,43579,11,3
30879,41734,11,3
31448,44717,11,3
33078,44208,11,3
30581,46960,11,3
32202,47711,11,3
31905,46820,11,3
36071,44535,7,18
28440,44810,11,3
31170,46097,11,3
32193,45876,11,3
34126,46746,11,3
31067,45079,11,3
31167,47656,11,3
33790,46438,11,3
30561,46264,11,3
31109,44892,11,3
33014,45886,11,3
32463,45301,11,3
30997,45889,11,3
30534,46102,11,3
29735,48055,11,3
28512,45840,11,3
32901,45871,11,3
31926,45424,11,3
32819,47173,11,3
31542,45614,11,3
30793,42766,11,3
30764,43714,11,3
31793,46337,11,3
31657,46117,11,3
30537,43629,11,3
32209,47167,11,3
32744,43999,11,3
29246,46479,11,3
29476,43739,11,3
30758,41842,11,3
30553,47040,11,3
31802,47476,11,3
29976,46087,11,3
30957,47930,11,3
32118,46390,11,3
30694,44466,11,3
30439,47075,11,3
31920,46382,11,3
31778,47518,11,3
29259,45342,11,3
30472,44653,11,3
32252,46230,11,3
31852,45306,11,3
32198,46699,11,3
31370,45222,11,3
32264,46894,11,3
32335,45997,11,3
31154,45908,11,3
28736,40792,11,17
29679,46301,11,3
32210,46786,11,3
31213,43528,11,3
31291,44107,11,3
31127,47321,11,3
28118,44775,11,17
31119,46055,11,3
29705,47057,11,3
31624,45467,11,3
30790,47566,11,3
31604,46454,11,3
30100,45879,11,3
29919,45857,11,3
30801,44512,11,3
33008,44407,11,3
32062,45990,11,3
29052,45808,11,3
30659,44846,11,3
30026,45682,11,3
30627,44454,11,3
30382,43613,11,3
31871,44973,11,3
32139,46892,11,3
30578,44542,11,3
29043,45436,11,3
32211,48405,11,3
30016,44487,11,3
31178,44394,11,3
30522,46566,11,3
32049,47819,11,3
29855,45626,11,3
31054,44541,11,3
29608,45031,11,3
29612,45840,11,3
31350,44748,11,3
30806,45234,11,3
33610,44086,11,3
33021,43481,11,3
31152,46517,11,3
29368,46709,11,3
30888,45683,11,3
33108,45964,11,3
34179,48012,9,3
29599,44203,11,3
28615,47158,11,3
31622,45004,11,3
30047,45342,11,3
31991,44255,11,3
31144,43395,11,3
29855,45069,11,3
29912,46430,11,3
30220,45595,11,3
29812,46044,11,3
29899,45748,11,3
34751,49387,9,18
30128,45204,11,3
30635,43889,11,3
30294,45296,11,3
31764,46849,11,3
34639,46169,11,18
30302,47776,11,3
30371,45565,11,3
31911,45528,11,3
29707,44749,11,3
31573,45804,11,3
30257,45725,11,3
31476,44300,11,3
28961,43127,11,3
30635,45556,11,3
31375,45645,11,3
31662,45383,11,3
30947,43537,11,3
23842,44933,14,19
25896,45359,14,17
21800,47934,14,19
24542,44728,14,17
23441,45886,14,19
24535,44138,14,17
24486,43549,14,17
25819,45207,14,17
24646,45406,14,17
24392,46261,14,19
25166,45053,14,17
22211,45191,14,19
20458,45329,14,19
24316,45453,14,17
21958,45560,14,19
22184,44249,14,19
23144,45494,14,19
24266,44510,14,17
26221,45421,14,17
22912,46671,14,19
25740,44473,14,17
23877,45909,14,19
23609,46656,14,19
23433,45945,14,19
22387,47332,14,19
22050,45954,14,19
21444,46964,14,19
22051,44212,14,19
23554,45863,14,19
24929,43868,14,17
22096,47233,14,19
23462,44483,14,19
25301,46117,14,17
22168,46142,14,19
23939,46011,14,19
24675,45135,14,17
23107,46354,14,19
20963,45739,14,19
22876,45874,14,19
23487,42557,14,17
22163,45795,14,19
23404,44335,14,19
21221,44474,14,19
22638,45554,14,19
21615,48163,14,19
20714,45805,14,19
23688,45829,14,19
23515,46366,14,19
23692,44325,14,19
24567,43379,14,17
24343,46878,14,19
23272,45633,14,19
21255,44721,14,19
22392,47698,14,19
22575,45576,14,19
23378,45780,14,19
21147,44235,14,19
23016,45266,14,19
21108,45235,14,19
23136,46375,14,19
23584,44797,14,19
24890,43027,14,17
24311,41002,14,17
24738,44640,14,17
26216,43410,14,17
23658,45171,14,19
23855,45931,14,19
22615,45157,14,19
23820,44976,14,19
23767,43141,14,17
21854,45512,14,19
20838,46554,14,19
25822,48220,14,17
21171,46906,14,19
23376,45082,14,19
24788,44771,14,17
24522,45861,14,17
25495,42792,14,17
23958,44468,14,17
23825,46811,14,19
24527,46626,14,19
23835,46847,14,19
22937,43548,14,19
21657,45779,14,19
24273,42879,14,17
26228,46553,14,17
23338,46902,14,19
24477,43061,14,17
24736,45066,14,17
22976,47248,14,19
23230,46643,14,19
23589,42521,14,17
22285,45629,14,19
26468,45504,14,17
21561,44237,14,19
22250,45658,14,19
23906,45475,14,19
23754,47759,14,19
23594,45950,14,19
24330,45763,14,19
25198,46841,14,17
24438,45278,14,17
22378,42929,14,19
25044,44899,14,17
22934,45175,14,19
24259,43678,14,17
24947,45212,14,17
23737,44771,14,19
24847,44152,14,17
23038,45476,14,19
23277,44688,14,19
20307,46589,14,19
20494,45315,14,19
25807,47714,14,17
22166,45254,14,19
25532,46572,14,17
27376,45995,11,17
22506,43691,14,19
24987,44077,14,17
22999,46007,14,19
22034,44197,14,19
20914,44091,14,19
25535,46274,14,17
23288,45258,14,19
22341,46998,14,19
23954,47601,14,19
21368,45917,14,19
23746,45135,14,19
25316,46217,14,17
22485,48161,14,19
24868,46549,14,17
23674,43785,14,17
22995,44707,14,19
27463,46986,11,17
25679,47098,14,17
21579,45924,14,19
21055,45837,14,19
26609,47476,14,17
24628,45035,14,17
24355,48292,14,19
24966,43815,14,17
23763,44750,14,19
20485,46394,14,19
23524,46587,14,19
23628,44730,14,19
25693,46232,14,17
25345,45149,14,17
22546,43351,14,19
24514,48478,14,19
22225,44140,14,19
56907,37079,3,15
60236,35088,3,15
58110,38682,3,15
59019,39748,3,15
55932,35163,3,15
57632,37220,3,15
56429,35600,3,15
59796,34874,3,15
51782,34639,3,0
54794,34578,3,0
55615,36243,3,0
57356,40144,4,2
58457,37432,3,15
58770,33452,3,15
58965,33085,3,15
55470,35116,3,0
56993,32158,3,15
58047,36416,3,15
54381,36820,3,0
57391,35246,3,15
56730,35577,3,15
52492,35399,3,0
54286,34827,3,0
55842,36136,3,0
56678,35623,3,15
56690,36823,3,15
57832,36316,3,15
56688,36583,3,15
58706,36418,3,15
55517,34972,3,0
56809,36297,3,15
55983,38451,3,0
57652,35563,3,15
56680,34674,3,15
55269,35481,3,0
56805,36159,3,15
57312,35967,3,15
55628,34757,3,0
58214,37687,3,15
57022,36838,3,15
56611,34057,3,15
55580,34586,3,0
58427,32683,3,15
55448,37197,3,0
56636,35529,3,15
53222,36200,3,0
56396,37255,3,15
57306,37084,3,15
57593,37299,3,15
57370,36555,3,15
55510,35439,3,0
56813,35086,3,15
58070,35178,3,15
57381,34383,3,15
57335,32064,3,15
57649,35291,3,15
55892,36852,3,0
56074,35582,3,15
57906,33048,3,15
55366,35650,3,0
56413,36418,3,15
56941,38327,3,15
57154,33712,3,15
57750,36800,3,15
57857,36922,3,15
56143,35658,3,15
55338,35743,3,0
56441,35275,3,15
56414,37396,3,15
59486,32151,3,15
58706,36533,3,15
52659,34777,3,0
59404,32845,3,15
56922,35768,3,15
57726,35998,3,15
57200,36580,3,15
57944,36151,3,15
56618,35436,3,15
59034,35201,3,15
57527,34254,3,15
55893,34795,3,15
59479,34096,3,15
56696,36827,3,15
58247,36777,3,15
57425,33591,3,15
55633,35639,3,0
58824,35451,3,15
56641,37864,3,15
56541,35719,3,15
58690,38619,3,15
57601,35635,3,15
57601,38899,3,15
55493,35034,3,0
56406,35362,3,15
54744,37285,3,0
56968,36170,3,15
56554,34309,3,15
57672,34909,3,15
56549,36908,3,15
54899,36989,3,0
58177,34610,3,15
52736,36955,3,0
57200,36282,3,15
56107,34721,3,15
56844,34985,3,15
59046,35909,3,15
58878,34978,3,15
55592,36014,3,0
57442,38090,3,15
55333,34329,3,0
55756,36134,3,0
57707,36517,3,15
56490,35034,3,15
55408,37045,3,0
55350,37801,3,0
57650,36971,3,15
57240,34898,3,15
56276,34870,3,15
56026,35279,3,15
55507,39069,3,0
59313,34984,3,15
59314,35053,3,15
55148,36561,3,0
55846,33030,3,15
58280,35077,3,15
57860,36410,3,15
53799,37256,3,0
56172,34623,3,15
56629,34903,3,15
57012,37189,3,15
61328,34539,3,15
58570,36942,3,15
55822,35934,3,0
58008,34512,3,15
56810,36292,3,15
57603,34029,3,15
59246,36194,3,15
53045,33476,3,0
58231,34186,3,15
53386,37554,3,0
54858,34270,3,0
54851,35170,3,0
56299,36158,3,15
55829,34669,3,15
57130,33622,3,15
57045,35018,3,15
55963,37150,3,0
57850,35626,3,15
57398,33876,3,15
57433,35084,3,15
57353,60000,2,10
58154,59780,2,10
59668,60897,2,10
58098,61604,2,10
60212,56867,2,4
58558,56754,2,10
57238,61962,2,10
57393,60130,2,10
60954,58518,2,10
59449,62121,2,10
58116,61273,2,10
56322,59335,2,10
57785,59295,2,10
60018,58622,2,10
58845,62613,2,10
58689,61640,2,10
57082,58629,2,10
56935,61044,2,10
58391,61517,2,10
60966,58270,2,10
60804,57443,2,4
60743,58206,2,10
59138,60401,2,10
59953,59003,2,10
60969,59822,2,10
57136,61329,2,10
57366,61945,2,10
56366,57724,2,10
58665,59932,2,10
60758,60881,2,10
57980,59322,2,10
59239,61982,2,10
57812,61923,2,10
59704,60580,2,10
61020,59430,2,10
59976,61896,2,10
60409,59802,2,10
59165,59687,2,10
57762,60304,2,10
58771,60580,2,10
57753,59203,2,10
57852,60171,2,10
59079,59352,2,10
56843,59151,2,10
60331,57240,2,4
57591,61596,2,10
57063,58649,2,10
56693,58774,2,10
57642,59436,2,10
58329,60180,2,10
59112,63187,2,10
57718,59894,2,10
56937,59156,2,10
57576,59542,2,10
58613,58762,2,10
60267,60706,2,10
57706,56481,2,10
59214,58361,2,10
61073,59807,2,10
57207,61078,2,10
58015,59153,2,10
58158,58562,2,10
55203,57018,2,10
58219,61499,2,10
57782,60002,2,10
55784,59163,2,10
59345,61352,2,10
59269,59992,2,10
56691,59491,2,10
59024,60718,2,10
59110,60648,2,10
58750,57843,2,10
59118,60039,2,10
57473,59889,2,10
57935,59287,2,10
58935,58666,2,10
58889,60334,2,10
60927,60647,2,10
59624,59604,2,10
58797,58377,2,10
58624,58748,2,10
58691,58145,2,10
60046,58263,2,10
59449,58883,2,10
56818,60227,2,10
60006,60524,2,10
59772,62508,2,10
57843,58840,2,10
59475,60281,2,10
57562,57847,2,10
57692,60874,2,10
59111,59739,2,10
55418,59726,2,10
57647,61654,2,10
57192,63091,2,10
56910,61194,2,10
60549,59383,2,10
58222,62395,2,10
59915,58433,2,10
59520,59618,2,10
58928,60595,2,10
59722,59830,2,10
61347,59432,2,10
61654,61450,2,10
56954,58817,2,10
56034,59874,2,10
60069,58113,2,10
58563,62792,2,10
59022,58759,2,10
56745,59632,2,10
58611,56944,2,10
58213,61124,2,10
59832,61819,2,10
57659,62508,2,10
58167,57737,2,10
56924,58052,2,10
59983,59647,2,10
60295,58226,2,10
59571,59704,2,10
59407,63359,2,10
61438,60731,2,10
58412,60555,2,10
59087,60200,2,10
59921,58297,2,10
62507,59886,2,10
56500,61376,2,10
60955,57896,2,10
58439,61605,2,10
56364,59088,2,10
56487,61747,2,10
59447,57392,2,10
57894,59036,2,10
57925,61583,2,10
61135,58271,2,10
59445,59658,2,10
59387,60014,2,10
58154,60283,2,10
55361,61450,2,10
59573,59358,2,10
60407,60339,2,10
57851,60497,2,10
56974,60278,2,10
58959,61260,2,10
58590,59525,2,10
56814,60167,2,10
56482,59948,2,10
59678,56732,2,4
56898,59377,2,10
61084,58521,2,10
60235,57996,2,10
35967,36673,10,22
33802,37020,10,1
34261,37067,10,1
37405,33958,10,1
36836,39256,10,22
37201,37141,10,22
33942,34583,10,1
36874,35950,10,1
36087,35914,10,1
35266,37658,10,22
35368,35938,10,1
37797,36278,10,22
38059,35143,10,1
37189,38589,10,22
39025,38317,10,22
39884,40043,7,22
34384,37619,10,22
35438,35961,10,1
35228,34409,10,1
36656,39035,10,22
34657,37807,10,22
34997,35538,10,1
34596,37163,10,22
36515,36356,10,1
36659,37772,10,22
37432,39281,10,22
35778,38273,10,22
35673,37211,10,22
35254,33638,10,1
36100,37456,10,22
38717,38000,10,22
37182,37411,10,22
35648,39129,10,22
35955,37847,10,22
36359,37310,10,22
35721,36229,10,1
36528,36061,10,1
39397,39374,10,22
36008,35818,10,1
34522,35773,10,1
35101,38142,10,22
36844,38976,10,22
36672,36938,10,22
36638,35819,10,1
35636,37443,10,22
36690,39754,10,22
35091,35641,10,1
36944,39148,10,22
35483,38084,10,22
33394,37319,10,1
35390,35563,10,1
37099,38588,10,22
38095,39196,10,22
36056,34964,10,1
35612,35819,10,1
34622,37604,10,22
33618,37049,10,1
37790,37999,10,22
39063,35717,10,22
36444,34614,10,1
37971,36374,10,22
32167,39987,10,22
36206,36422,10,1
36389,38939,10,22
36095,33268,10,1
37525,38632,10,22
33540,39200,10,22
35076,35331,10,1
35191,37667,10,22
33916,38665,10,22
36172,35806,10,1
36579,35985,10,1
37915,37571,10,22
35600,37619,10,22
32910,36355,10,1
35412,36473,10,1
36407,36157,10,1
36663,37415,10,22
34432,35853,10,1
36058,35597,10,1
34996,36782,10,1
38645,36855,10,22
35811,37422,10,22
34222,38934,10,22
36509,37087,10,22
34560,38446,10,22
36209,37346,10,22
34940,35990,10,1
35403,36688,10,1
32942,35010,10,1
35436,37366,10,22
37768,35501,10,1
34772,37566,10,22
37396,38924,10,22
37109,39039,10,22
36322,38482,10,22
36164,36125,10,1
35531,36570,10,1
37177,35936,10,1
35355,38390,10,22
38130,36011,10,22
36242,37643,10,22
37882,36742,10,22
36127,38450,10,22
35394,38220,10,22
34349,37125,10,1
34947,39400,10,22
33437,35442,10,1
34167,36965,10,1
36172,39484,10,22
37370,38669,10,22
37667,37350,10,22
36974,38282,10,22
35801,35541,10,1
35609,37194,10,22
36795,34454,10,1
34626,36266,10,1
35808,36376,10,1
33613,39794,10,22
37801,36929,10,22
38443,39283,10,22
33652,37501,10,22
35332,38247,10,22
37264,36885,10,22
35768,33850,10,1
33922,37009,10,1
33846,33297,10,1
33715,38111,10,22
34553,37161,10,22
36826,38107,10,22
35007,39211,10,22
36173,35498,10,1
36725,35697,10,1
36455,37227,10,22
35395,37619,10,22
34614,36595,10,1
35110,36198,10,1
34870,39058,10,22
35579,39250,10,22
36919,37870,10,22
35851,39142,10,22
38539,37485,10,22
35082,36246,10,1
32801,33333,10,1
35038,34405,10,1
35494,35663,10,1
37480,35672,10,1
35852,35216,10,1
36125,38191,10,22
36039,37098,10,22
36216,62182,8,8
37992,59534,8,8
36398,59165,8,8
33519,59516,8,8
37891,59892,8,8
37835,56856,8,8
36486,58780,8,8
36333,58448,8,8
35492,58360,8,8
39398,58165,8,8
36215,57623,8,8
36229,58559,8,8
35847,60401,8,8
33122,61567,12,8
36575,58483,8,8
38437,59774,8,8
36403,61703,8,8
36423,59073,8,8
35423,57630,8,8
36850,56751,8,8
33959,57663,8,8
36243,57771,8,8
37479,60292,8,8
39385,58486,8,8
35322,59148,8,8
35700,57384,8,8
36242,57635,8,8
36696,59198,8,8
34637,57665,8,8
34443,60316,8,8
37166,58232,8,8
39283,59107,8,8
36049,59576,8,8
34553,59382,8,8
40134,59872,8,8
33630,58312,8,8
35047,60446,8,8
36709,56868,8,8
37404,56050,8,8
37599,57510,8,8
36454,59424,8,8
38035,58873,8,8
36308,60312,8,8
38558,56670,8,8
36529,58009,8,8
32534,60827,12,20
35346,58988,8,8
34712,57869,8,8
35561,59193,8,8
35534,60214,8,8
37053,57010,8,8
38314,58604,8,8
38318,60919,8,8
38027,59660,8,8
35355,60826,8,8
35436,59180,8,8
35727,58236,8,8
39398,60099,8,8
37269,57920,8,8
36889,59486,8,8
37566,59456,8,8
39104,58213,8,8
32504,60521,12,20
35603,58464,8,8
33987,58301,8,8
38181,57802,8,8
33486,56845,8,8
36799,61300,8,8
36246,57201,8,8
33218,58279,8,8
35125,58821,8,8
36219,58974,8,8
37589,58770,8,8
40243,57661,8,8
35361,62227,8,8
38232,59464,8,8
35237,58902,8,8
35398,58700,8,8
37988,59312,8,8
35644,59384,8,8
38422,59220,8,8
37090,59149,8,8
38945,59787,8,8
34996,58737,8,8
34596,59765,8,8
36992,56453,8,8
33822,59036,8,8
35211,58983,8,8
36283,59567,8,8
38990,58154,8,8
37488,61935,8,8
35445,59206,8,8
37798,56597,8,8
35170,59819,8,8
33624,58303,8,8
35462,61614,8,8
34945,57757,8,8
38089,56389,8,8
37372,57669,8,8
39872,58481,8,8
36960,58594,8,8
35192,61069,8,8
37556,56733,8,8
37083,57931,8,8
36878,61006,8,8
37226,57241,8,8
38515,58026,8,8
34289,56684,8,8
35741,57634,8,8
37745,57622,8,8
36805,60016,8,8
34914,58404,8,8
38566,59390,8,8
36967,58135,8,8
36433,57684,8,8
34796,60094,8,8
36645,58435,8,8
36421,57942,8,8
36037,57311,8,8
35578,57692,8,8
33356,61093,12,8
33015,57987,8,8
36045,57448,8,8
33606,59280,8,8
37937,56751,8,8
35457,58671,8,8
37360,59696,8,8
35066,57896,8,8
36783,59577,8,8
34208,56715,8,8
36846,60935,8,8
35141,60571,8,8
36861,59309,8,8
34573,59067,8,8
38523,59697,8,8
35104,58388,8,8
36442,57756,8,8
36551,60388,8,8
35711,57926,8,8
36064,60505,8,8
38706,57037,8,8
36216,57898,8,8
39611,56741,8,8
35988,58251,8,8
37263,57129,8,8
37094,59676,8,8
35217,59875,8,8
36483,57847,8,8
34924,58072,8,8
37060,58762,8,8
30908,61364,12,20
29802,58114,12,20
30571,60758,12,20
34779,62221,8,8
30304,61141,12,20
30877,60859,12,20
30681,62149,12,20
31259,62320,12,20
30567,62523,12,20
28728,61702,12,20
32333,61933,12,20
29047,58154,13,20
31463,61149,12,20
30898,60616,12,20
28229,59101,13,20
33697,58534,8,8
29758,63528,12,20
30280,62465,12,20
32349,61066,12,20
32134,61037,12,20
30612,61541,12,20
33233,62021,12,8
29987,61369,12,20
29079,60255,12,20
29589,60622,12,20
28995,58890,12,20
31627,61188,12,20
29272,59183,12,20
28392,61346,12,20
31204,59112,12,20
30174,60328,12,20
31578,60296,12,20
29445,64978,12,20
31977,59480,12,20
31182,60250,12,20
30648,60178,12,20
30532,61950,12,20
31720,61379,12,20
32583,61093,12,20
30050,60218,12,20
31627,61090,12,20
31236,60424,12,20
28553,62002,12,20
30375,62924,12,20
31573,60997,12,20
27505,58926,13,20
30061,61246,12,20
32649,59545,12,20
27696,59838,13,20
30506,59686,12,20
32074,61939,12,20
28616,59416,12,20
29085,60541,12,20
30515,60969,12,20
33532,59075,8,8
28578,63180,12,20
31643,60477,12,20
28729,63139,12,20
31112,61673,12,20
32361,59991,12,20
32426,59919,12,20
31204,58913,12,20
29626,60190,12,20
30075,59907,12,20
32218,62122,12,20
30740,62257,12,20
28555,61394,12,20
31318,58248,12,20
29618,60724,12,20
32557,61120,12,20
31530,59440,12,20
32126,60135,12,20
29801,61182,12,20
29148,58130,13,20
26807,61319,12,20
31413,60511,12,20
30647,61432,12,20
30619,60514,12,20
31284,61697,12,20
31312,60742,12,20
33387,61847,12,8
32660,59958,12,20
30795,63840,12,20
30746,61100,12,20
31879,60106,12,20
33018,62972,12,8
30887,62360,12,20
31474,60121,12,20
31797,61321,12,20
30395,60514,12,20
29160,57565,13,20
30133,63934,12,20
33171,59359,12,8
28342,58906,13,20
30960,62047,12,20
30927,61258,12,20
30161,62149,12,20
29448,62355,12,20
30068,62245,12,20
32579,62231,12,20
32590,63313,12,20
28653,61470,12,20
31663,61270,12,20
33003,60476,12,8
31142,59600,12,20
27316,63731,12,20
31472,59250,12,20
31233,61286,12,20
32954,59101,12,8
28250,60235,12,20
30145,59447,12,20
30168,60662,12,20
32390,58431,12,20
30330,61187,12,20
31866,61099,12,20
29485,63621,12,20
27659,60100,13,20
29690,64853,12,20
30276,59599,12,20
31279,61858,12,20
28391,59730,12,20
31215,59848,12,20
33275,60563,12,8
30749,59966,12,20
28904,59191,12,20
27819,63600,12,20
30019,58071,12,20
31985,62537,12,20
32412,63477,12,20
27380,61315,12,20
30483,60444,12,20
28526,58659,13,20
31133,64758,12,20
32997,59655,12,8
30720,60651,12,20
31643,59695,12,20
31779,59328,12,20
31849,60708,12,20
31872,60703,12,20
29130,58041,13,20
28327,60138,12,20
30265,59751,12,20
32061,59778,12,20
29842,62137,12,20
33359,62329,12,8
29116,59119,12,20
30071,60466,12,20
29916,60125,12,20
28434,59636,12,20
29436,60956,12,20
27434,54958,13,20
25440,57862,13,20
24392,57589,13,20
26136,56016,13,20
26253,58899,13,20
24733,56201,13,20
25528,59581,13,20
25738,58235,13,20
24618,55531,13,20
26834,55097,13,20
25201,54565,13,20
25851,58222,13,20
27108,57491,13,20
28837,54748,13,20
24946,56824,13,20
25052,57829,13,20
28402,57647,13,20
25052,57022,13,20
27181,54919,13,20
28052,55809,13,20
25196,55203,13,20
26591,56646,13,20
29474,56798,13,20
27070,57594,13,20
26481,56658,13,20
24784,57237,13,20
28064,58174,13,20
27715,55387,13,20
26470,56078,13,20
23811,56713,13,9
26542,57297,13,20
27473,55726,13,20
26275,56590,13,20
25919,59329,13,20
27550,55740,13,20
28594,55605,13,20
28250,58482,13,20
27827,58698,13,20
26215,55199,13,20
27517,55156,13,20
27881,60061,12,20
27012,54253,13,20
26172,55215,13,20
26319,58948,13,20
27900,56990,13,20
28810,55914,13,20
28021,56815,13,20
27286,59569,13,20
25494,55960,13,20
25659,57314,13,20
27469,55207,13,20
26043,55705,13,20
26718,53997,13,20
27707,56661,13,20
27634,56842,13,20
27707,56972,13,20
26205,53325,13,20
26512,58723,13,20
27821,56672,13,20
25689,56135,13,20
25979,56888,13,20
26345,56949,13,20
24731,56832,13,20
25629,58886,13,20
29908,56769,13,20
25873,59678,13,20
27128,54407,13,20
27287,58184,13,20
26387,58854,13,20
26891,56558,13,20
24536,56381,13,20
28383,58361,13,20
27493,56974,13,20
28582,58290,13,20
25283,58667,13,20
26042,59496,13,20
28772,57273,13,20
25425,57151,13,20
28909,58542,13,20
26560,55691,13,20
27188,56510,13,20
26174,57058,13,20
23262,57537,13,9
26490,58074,13,20
27874,55221,13,20
24446,56245,13,20
29227,57928,13,20
26149,60135,13,20
25540,56691,13,20
25014,56055,13,20
25970,55621,13,20
28657,57812,13,20
28212,55783,13,20
25507,58317,13,20
27306,57368,13,20
27463,56882,13,20
23994,55242,13,20
24879,56386,13,20
24594,58438,13,20
28033,54727,13,20
29053,58326,13,20
26193,55842,13,20
29259,57100,13,20
27525,57634,13,20
28073,56257,13,20
26774,57001,13,20
25383,56911,13,20
25669,56972,13,20
25208,56211,13,20
27256,59403,13,20
27196,59444,13,20
27331,56041,13,20
27937,58138,13,20
28509,58324,13,20
26717,60264,13,20
27955,56280,13,20
25446,55704,13,20
26109,58656,13,20
25760,55776,13,20
28212,56159,13,20
28233,54684,13,20
26449,55946,13,20
25001,58362,13,20
26962,56689,13,20
25916,54106,13,20
28777,57742,13,20
27815,58195,13,20
25663,55384,13,20
27901,55860,13,20
25659,54386,13,20
28759,58288,13,20
25021,56847,13,20
26692,57000,13,20
27775,54914,13,20
25818,53650,13,20
25985,57795,13,20
27033,60004,13,20
27613,55744,13,20
28592,54269,13,20
25260,56723,13,20
24970,59023,13,20
23462,57642,13,9
26119,56817,13,20
29242,56662,13,20
25347,57105,13,20
26091,56821,13,20
26145,58505,13,20
26896,57284,13,20
25137,55409,13,20
27354,54316,13,20
19261,63453,15,9
20147,61505,15,9
19188,57789,15,9
19583,63659,15,9
17969,62228,15,9
21897,58917,15,9
22606,61448,15,9
19622,64221,15,9
22246,61319,15,9
20384,62437,15,9
20960,61852,15,9
21577,60141,15,9
18709,61578,15,9
18999,61780,15,9
20587,62383,15,9
19768,60627,15,9
22982,59562,15,9
19533,60480,15,9
20782,61636,15,9
19005,60807,15,9
18261,60547,15,9
21899,61237,15,9
19257,62118,15,9
18804,62526,15,9
21096,59815,15,9
20354,59784,15,9
19943,63108,15,9
19049,59645,15,9
19177,58865,15,9
19048,62924,15,9
23096,59668,15,9
21449,60845,15,9
20765,60709,15,9
21064,60931,15,9
19837,60753,15,9
18422,62176,15,9
19779,61803,15,9
19838,59122,15,9
19108,61782,15,9
21412,58791,15,9
20671,61282,15,9
18870,60325,15,9
18642,58455,15,9
19395,59800,15,9
19335,61410,15,9
19770,59397,15,9
18068,61918,15,9
21368,59942,15,9
19530,58199,15,9
20181,60841,15,9
19764,63838,15,9
18920,61044,15,9
18680,62674,15,9
19070,61422,15,9
21307,64529,15,9
19144,62358,15,9
19290,60747,15,9
19871,62381,15,9
19696,57420,16,12
19797,61359,15,9
18344,59637,15,9
20259,60511,15,9
20316,61803,15,9
22369,62265,15,9
19096,59674,15,9
20453,61587,15,9
20380,60733,15,9
16846,62613,15,9
20002,57292,16,9
19912,60502,15,9
19641,59926,15,9
19601,60881,15,9
19285,60802,15,9
21062,61940,15,9
20568,59655,15,9
20338,62938,15,9
21393,62630,15,9
19272,60480,15,9
20007,61561,15,9
20784,60935,15,9
19038,60983,15,9
17653,62598,15,9
18996,59942,15,9
19506,63413,15,9
19294,57629,15,9
19154,62093,15,9
18934,63661,15,9
20737,61019,15,9
20490,62450,15,9
18960,62751,15,9
22403,62224,15,9
20378,62549,15,9
18929,59621,15,9
20252,61749,15,9
19309,61793,15,9
16591,60560,15,9
19015,62840,15,9
17643,60949,15,9
18426,62525,15,9
20294,61802,15,9
20151,62252,15,9
18502,63614,15,9
18015,60258,15,9
19545,60834,15,9
21792,62240,15,9
19942,59731,15,9
20535,59462,15,9
20768,63354,15,9
18347,59545,15,9
19276,62396,15,9
18781,60559,15,9
20515,61410,15,9
19925,58496,15,9
21944,60190,15,9
21072,63597,15,9
19964,60809,15,9
20709,63801,15,9
18101,59879,15,9
20971,58909,15,9
22489,59259,15,9
18892,60475,15,9
22071,61236,15,9
20481,60914,15,9
20438,59851,15,9
19803,60968,15,9
20257,61196,15,9
19242,61797,15,9
18406,58116,15,9
20868,59488,15,9
17152,59537,15,9
19680,62580,15,9
19930,60962,15,9
20911,63782,15,9
18513,61092,15,9
21616,62776,15,9
21783,61970,15,9
20687,60667,15,9
18989,60037,15,9
19871,62312,15,9
17818,62484,15,9
20526,61492,15,9
20561,61164,15,9
21231,59423,15,9
18961,60872,15,9
20211,60986,15,9
21615,61597,15,9
19972,62712,15,9
19606,62894,15,9
19063,62295,15,9
20217,63442,15,9
19143,53284,16,12
17326,51720,16,12
16296,54087,16,12
16286,54449,16,12
20417,56568,16,12
16111,53619,16,12
15846,56000,16,12
19105,52235,16,12
19655,54785,16,12
16638,53423,16,12
16223,56656,16,12
16166,53836,16,12
16738,54689,16,12
17753,52609,16,12
18846,53892,16,12
15101,50950,16,12
16371,54091,16,12
19680,54296,16,12
17314,54956,16,12
19294,52649,16,12
20358,53540,16,12
18491,57638,16,12
17300,51911,16,12
13909,53337,16,12
16250,56716,16,12
16803,53706,16,12
17777,51711,16,12
17494,56321,16,12
17023,52554,16,12
18480,54137,16,12
17989,54877,16,12
14909,52137,16,12
16271,55503,16,12
15579,54275,16,12
17775,55776,16,12
17573,56376,16,12
14562,54344,16,12
16017,52583,16,12
17725,53549,16,12
17782,57990,16,12
18273,55960,16,12
16798,54135,16,12
16402,54427,16,12
17604,57415,16,12
15159,52909,16,12
17093,56620,16,12
14665,53393,16,12
16840,56442,16,12
15944,52902,16,12
15383,53914,16,12
19752,54971,16,12
17200,52488,16,12
16393,55068,16,12
17783,51416,16,12
15985,51728,16,12
16315,54450,16,12
16104,56565,16,12
17658,52827,16,12
16905,55169,16,12
18617,55656,16,12
16219,53637,16,12
17610,58180,16,12
17395,54596,16,12
17136,53618,16,12
16675,50940,16,12
19876,54521,16,12
18453,56324,16,12
17211,52619,16,12
20832,53051,16,12
17426,55344,16,12
18261,53072,16,12
16398,54369,16,12
18211,53160,16,12
16394,57589,16,12
20680,56180,16,12
16527,53323,16,12
17108,54515,16,12
15165,54667,16,12
16265,53570,16,12
16364,55389,16,12
16595,52653,16,12
14197,54364,16,12
16746,55228,16,12
14365,55602,16,12
17741,55439,16,12
14590,55330,16,12
15981,55498,16,12
17050,55534,16,12
17805,55269,16,12
19018,53560,16,12
14927,54599,16,12
17892,53512,16,12
15779,56775,16,12
16612,53816,16,12
18536,55169,16,12
16108,54076,16,12
14127,53882,16,12
18780,55399,16,12
17650,54611,16,12
16732,52426,16,12
17318,55292,16,12
18541,55919,16,12
16938,55514,16,12
15396,53105,16,12
17508,55488,16,12
17431,54420,16,12
16714,55948,16,12
17403,56861,16,12
18068,54386,16,12
14683,54085,16,12
17898,55100,16,12
17206,53687,16,12
17583,57472,16,12
17075,54403,16,12
16780,53847,16,12
15915,55154,16,12
19939,54424,16,12
14995,55889,16,12
16928,56318,16,12
16097,56428,16,12
15133,52003,16,12
15860,57599,16,12
18488,56212,16,12
17423,55459,16,12
16507,54347,16,12
17751,53859,16,12
16898,54827,16,12
16932,55866,16,12
19892,54860,16,12
16278,52466,16,12
16719,55585,16,12
17800,53918,16,12
18378,56011,16,12
13907,54576,16,12
17044,55877,16,12
15476,55040,16,12
17358,55280,16,12
18717,52598,16,12
17547,55041,16,12
17304,54119,16,12
19798,52845,16,12
16116,54683,16,12
14980,53904,16,12
16067,56094,16,12
16546,54778,16,12
16137,57399,16,12
17141,54202,16,12
17786,55157,16,12
16714,51438,16,12
14737,55071,16,12
11897,49856,18,21
8604,49746,18,21
10766,51585,18,21
12389,49818,18,21
8766,51369,18,21
11798,53052,18,21
10834,51147,18,21
9549,50996,18,21
10321,50691,18,21
10565,51704,18,21
11845,51491,18,21
11060,50234,18,21
10171,48859,18,21
10919,50525,18,21
11480,50604,18,21
12475,49220,18,21
7385,51656,18,21
11437,51406,18,21
10670,49260,18,21
8654,50049,18,21
9927,51309,18,21
11022,50515,18,21
10633,50511,18,21
11096,50971,18,21
8723,52304,18,21
12851,51373,18,21
11786,51096,18,21
11239,52647,18,21
9454,51165,18,21
8982,51774,18,21
12236,51043,18,21
9741,50089,18,21
11398,47759,18,21
9862,53085,18,21
12114,49993,18,21
9243,53664,18,21
11639,50146,18,21
9706,48399,18,21
10229,53155,18,21
10935,51458,18,21
11745,50495,18,21
13063,51433,18,21
11225,51892,18,21
10680,51164,18,21
11263,48928,18,21
8633,49581,18,21
12697,52216,18,21
9171,50386,18,21
8066,52133,18,21
10401,53090,18,21
12416,51460,18,21
10794,50115,18,21
10580,51553,18,21
11365,50973,18,21
9763,50495,18,21
9416,50770,18,21
7934,48544,18,21
10806,48952,18,21
10904,51342,18,21
9657,52423,18,21
12791,50426,18,21
8842,50261,18,21
11640,50257,18,21
11450,52510,18,21
10480,51773,18,21
11020,49726,18,21
8705,49365,18,21
8276,48524,18,21
10859,51248,18,21
6798,51275,18,21
9359,51444,18,21
8524,52422,18,21
8506,50665,18,21
7906,50299,18,21
9247,50471,18,21
11773,50161,18,21
8730,51510,18,21
8422,52679,18,21
13020,50329,18,21
10991,48211,18,21
11536,49673,18,21
11062,50068,18,21
10653,51048,18,21
8444,50174,18,21
11876,50023,18,21
11611,48473,18,21
9327,52012,18,21
10749,51406,18,21
10026,52647,18,21
10579,49821,18,21
13981,49623,18,21
10579,50729,18,21
9390,51106,18,21
12594,52133,18,21
9198,50826,18,21
11435,50996,18,21
12436,48816,18,21
9815,51501,18,21
11037,50777,18,21
8869,51886,18,21
9744,50911,18,21
10333,50182,18,21
10622,52334,18,21
7739,49873,18,21
12376,48666,18,21
12199,50485,18,21
13144,49604,18,21
8524,50708,18,21
11095,51738,18,21
9592,50262,18,21
10879,49512,18,21
11130,49369,18,21
10337,49890,18,21
9895,50510,18,21
9703,51958,18,21
7720,51431,18,21
9481,49546,18,21
7484,52113,18,21
8583,49768,18,21
6951,51758,18,16
10191,49243,18,21
11820,50017,18,21
7445,50769,18,21
10764,52080,18,21
10444,50923,18,21
9616,52793,18,21
13482,49941,18,21
11149,51188,18,21
11076,53717,18,21
11109,49944,18,21
10704,51371,18,21
9443,52075,18,21
8868,52990,18,21
10757,51325,18,21
11396,53232,18,21
10048,52277,18,21
10606,53363,18,21
9657,50553,18,21
10058,49889,18,21
9324,49714,18,21
9816,55272,18,21
11888,48809,18,21
9837,50011,18,21
11269,48664,18,21
9836,52030,18,21
10577,51583,18,21
6885,51244,18,21
11023,49802,18,21
10839,50455,18,21
10013,50471,18,21
3364,56093,19,16
5522,54143,19,16
4557,54902,19,16
4140,54842,19,16
4927,52701,19,16
5607,54784,19,16
4864,55680,19,16
5617,55660,19,16
5366,53856,19,16
6727,54732,19,16
2968,54214,19,16
5388,53392,19,16
7034,50514,18,21
4207,53376,19,16
3110,55381,19,16
3991,55631,19,16
3589,53393,19,16
1756,54502,19,16
6577,53657,19,16
6675,54728,19,16
5984,55785,19,16
3520,55818,19,16
3375,53677,19,16
6947,52316,19,16
2677,54186,19,16
3465,54037,19,16
4750,55207,19,16
4977,51710,19,16
2847,54305,19,16
5988,53574,19,16
4362,53432,19,16
5003,52684,19,16
4715,54506,19,16
4759,57743,19,16
5027,55655,19,16
7431,50756,18,21
3849,54348,19,16
2248,53985,19,16
5088,52898,19,16
2916,54180,19,16
4382,53067,19,16
3581,58080,19,16
2707,55155,19,16
4962,56531,19,16
2326,53879,19,16
4410,54098,19,16
2875,55177,19,16
5539,55039,19,16
2796,57052,19,16
7335,54395,19,16
5489,52708,19,16
4492,56754,19,16
2056,56061,19,16
6689,53870,19,16
5902,53527,19,16
5359,54762,19,16
7002,54536,19,16
6570,55309,19,16
5909,54502,19,16
4118,53600,19,16
4081,56221,19,16
3662,53763,19,16
4418,56325,19,16
4995,57057,19,16
7625,54059,19,16
5729,53643,19,16
5509,54479,19,16
2512,53861,19,16
5781,54701,19,16
3499,55206,19,16
4780,56332,19,16
6726,55910,19,16
4567,55033,19,16
3933,54316,19,16
4329,53012,19,16
6046,55497,19,16
5418,54124,19,16
5759,55028,19,16
5970,54618,19,16
5664,54114,19,16
6835,55281,19,16
5026,55207,19,16
4332,56121,19,16
6236,54262,19,16
4946,55080,19,16
4356,55423,19,16
5755,53627,19,16
4231,53432,19,16
4453,53923,19,16
5516,56043,19,16
5268,56645,19,16
4567,55451,19,16
3441,55616,19,16
4911,53538,19,16
6503,53356,19,16
3746,53927,19,16
4245,55965,19,16
4413,54165,19,16
4159,54035,19,16
4115,53150,19,16
6251,55245,19,16
5389,54870,19,16
6666,54030,19,16
2575,54211,19,16
4749,55593,19,16
2996,55489,19,16
3594,53609,19,16
5764,53896,19,16
5192,52602,19,16
0,54499,19,16
7700,54988,19,16
5770,53331,19,16
4235,54556,19,16
4731,54238,19,16
4877,55291,19,16
4023,57278,19,16
3874,55784,19,16
5255,52393,19,16
6228,55206,19,16
5618,54536,19,16
2659,55959,19,16
4084,54843,19,16
4524,56226,19,16
4061,54024,19,16
3597,52748,19,16
6267,57098,19,16
3944,55580,19,16
2596,56386,19,16
6210,54578,19,16
4785,54895,19,16
5536,54428,19,16
5945,52615,19,16
4028,55483,19,16
4222,57392,19,16
5088,53006,19,16
5378,55302,19,16
6635,57985,19,16
6044,55199,19,16
3305,55031,19,16
5133,53898,19,16
4636,57162,19,16
5065,57069,19,16
4260,54579,19,16
4761,54969,19,16
4711,53314,19,16
6752,54903,19,16
6702,54483,19,16
4405,54784,19,16
7579,54208,19,16
3600,53791,19,16
10256,60907,17,13
8676,57719,17,13
9383,61340,17,6
10156,60841,17,6
8627,63762,17,6
12376,62842,17,13
12048,59831,17,13
10279,57681,17,13
11465,61289,17,13
9589,60754,17,6
8002,60609,17,6
10364,61512,17,6
12948,60162,17,13
12277,61976,17,13
8576,60303,17,6
12546,60499,17,13
7951,59432,17,6
9986,60034,17,13
10939,58346,17,13
9893,59586,17,13
12095,64166,17,6
6646,63005,17,6
11091,61195,17,13
10950,57600,17,13
10930,60322,17,13
11468,61950,17,13
8554,60761,17,6
10663,59125,17,13
9431,62300,17,6
9966,59064,17,13
6693,60430,17,6
12090,59869,17,13
10936,61184,17,13
12124,60279,17,13
11187,58843,17,13
8710,58937,17,6
10102,60364,17,13
10616,60683,17,13
11579,58617,17,13
8521,59545,17,6
12110,59455,17,13
9117,60001,17,6
14665,60436,17,13
8431,61105,17,6
11971,59851,17,13
12613,59379,17,13
10372,57097,17,13
11306,60035,17,13
10198,58488,17,13
11721,61075,17,13
10690,61867,17,6
11511,62215,17,13
8638,60548,17,6
9347,61512,17,6
8446,60600,17,6
10530,56564,17,13
10726,60737,17,13
10334,60937,17,13
11226,57861,17,13
10802,56031,17,13
12622,58547,17,13
10938,62519,17,6
11210,58343,17,13
13252,62021,17,13
12559,59819,17,13
8908,59029,17,6
12930,62857,17,13
10570,63000,17,6
8778,63637,17,6
13836,60414,17,13
8240,60831,17,6
10210,58723,17,13
12347,61746,17,13
10963,57947,17,13
10824,61369,17,13
9766,58973,17,13
9432,61396,17,6
11631,59714,17,13
10722,61544,17,13
11103,60003,17,13
12424,58655,17,13
11681,59832,17,13
13039,61888,17,13
9932,59316,17,13
11412,64537,17,6
10853,62937,17,6
9972,60044,17,13
11616,60575,17,13
10434,61086,17,13
10993,59910,17,13
9534,61767,17,6
12150,59180,17,13
9933,59269,17,13
13206,62465,17,13
7821,61712,17,6
10844,63287,17,6
13096,62112,17,13
12171,61128,17,13
13063,59700,17,13
10031,61025,17,6
12335,58115,17,13
11878,60429,17,13
10390,61299,17,6
10336,60916,17,13
8238,58683,17,6
13779,60968,17,13
13348,60275,17,13
11955,59006,17,13
8673,62255,17,6
12822,62138,17,13
8471,61739,17,6
9954,60705,17,6
11436,59452,17,13
12430,62195,17,13
10457,61257,17,13
9639,62038,17,6
11068,58255,17,13
9730,63026,17,6
9817,60728,17,6
8339,61080,17,6
10669,61473,17,13
10438,63245,17,6
9520,60139,17,6
8957,61191,17,6
11134,60627,17,13
12965,61972,17,13
9210,59309,17,6
9829,61696,17,6
10746,62172,17,6
10595,61783,17,6
8280,57997,17,6
7644,61816,17,6
11776,61448,17,13
13598,63186,17,13
9058,60416,17,6
10200,62166,17,6
10536,62434,17,6
11719,61142,17,13
9996,61355,17,6
11775,61142,17,13
9033,63414,17,6
9287,62954,17,6
9049,59370,17,6
10457,58942,17,13
9647,59886,17,13
8754,61242,17,6
11165,59822,17,13
8828,59102,17,6
8879,59244,17,6
10002,61399,17,6
